t,2016-01-18,2016-01-19,2016-01-20,2016-01-21,2016-01-22,2016-01-24,2016-01-25,2016-01-26,2016-01-27,2016-01-28,2016-01-29,2016-01-30,2016-01-31,2016-02-01,2016-02-02,2016-02-03,2016-02-04,2016-02-05,2016-02-06,2016-02-07,2016-02-08,2016-02-09,2016-02-10,2016-02-11,2016-02-12,2016-02-13,2016-02-14,2016-02-15,2016-02-16,2016-02-17,2016-02-18,2016-02-19,2016-02-20,2016-02-21,2016-02-22,2016-02-23,2016-02-24,2016-02-25,2016-02-26,2016-02-27,2016-02-28,2016-02-29,2016-03-01,2016-03-02,2016-03-03,2016-03-04,2016-03-05,2016-03-06,2016-03-07,2016-03-08,2016-03-09,2016-03-10,2016-03-11,2016-03-12,2016-03-13,2016-03-14,2016-03-15,2016-03-16,2016-03-17,2016-03-18,2016-03-19,2016-03-20,2016-03-21,2016-03-22,2016-03-23,2016-03-24,2016-03-25,2016-03-26,2016-03-27,2016-03-28,2016-03-29,2016-03-30,2016-03-31,2016-04-01,2016-04-02,2016-04-03,2016-04-04,2016-04-05,2016-04-06,2016-04-07,2016-04-08,2016-04-09,2016-04-10,2016-04-11,2016-04-12,2016-04-13,2016-04-14,2016-04-15,2016-04-16,2016-04-17,2016-04-18,2016-04-19,2016-04-20,2016-04-21,2016-04-22,2016-04-23,2016-04-24,2016-04-25,2016-04-26,2016-04-27,2016-04-28,2016-04-29
06:45:00,7.97201850429,8.86317502546,9.86301959516,10.0349655116,8.88855138776,6.97549910992,8.96783246614,11.8971014449,12.0916324042,10.1787470964,7.90515793894,9.9997689573,9.20259567445,11.0250626628,10.8365195121,12.195979257,11.4662843597,13.0745104595,14.1499865463,9.24493794164,10.8774916942,8.25813814841,7.9954126198,10.0035991069,10.8308327198,5.92678392607,5.97147030471,6.79963083446,10.8487722106,10.9165144809,12.1512153114,7.92705374747,10.0767713517,9.19407954587,9.11062161358,12.8176462138,10.7615004078,10.9076232529,10.7982354713,8.00105964335,7.87804930842,10.7680624583,13.6641567551,9.99934977586,14.1890732114,10.5469950247,7.0582827361,6.92833316588,7.83416128929,12.0511116824,11.7784106124,9.75376544038,9.17484031475,9.20237613374,8.41639434193,9.16535180553,9.75747155814,10.2126638404,9.15898610045,9.37227821287,9.02656128612,11.0708568526,9.75845870573,9.99857454253,64.0,9.91241425965,4.94642580291,5.92968104076,5.97503936456,6.02541167214,6.92463346768,7.72165424115,12.6112633088,9.11361573034,5.13827987184,7.83701084479,7.20436539562,12.2447061519,9.08922351366,7.30316194455,7.78488366193,8.29498765243,7.99525655466,8.34205229567,8.96835900906,9.89763285457,15.0138558852,10.9673128635,8.21207218348,9.02617942553,9.69241205483,17.1247117776,14.966609868,12.1094328095,9.88436690121,10.5577418033,11.667853724,10.8581296332,12.2581002579,16.0728544998,16.5906429247,13.4230056878
07:00:00,7.17641110644,8.15868491732,9.02300980654,10.0165389106,8.17907593198,6.99333839431,9.05582560359,12.758611583,12.7839163734,10.490524003,8.50240665124,9.97365348471,9.53510499012,11.4236664516,10.2375759605,12.2969133777,13.2813462884,12.7279773505,13.6211737243,9.48543454596,11.0562220005,9.6439111725,8.22876311928,9.96859749049,10.2210452762,6.03034305898,5.97118158054,6.45866217054,10.1601955172,12.1516435963,12.8502547875,8.27261407006,9.62999026182,9.53937680371,9.80458630689,12.2575846401,10.5024685303,11.5151924149,10.5571817298,8.00148017347,8.08196885989,10.0526004016,13.7559109484,9.98827053097,14.7959168083,10.233094726,6.6940972795,7.02893855792,8.17857785566,12.1724807991,11.6998869288,9.50928166122,9.41721415082,10.0144991596,9.00584212223,9.50152120057,9.0317573929,10.7069886569,9.95712416866,10.7837342187,9.00604681903,10.7272986984,9.52157457383,10.0015405656,64.0,11.0938513857,4.96599367751,6.27206232155,5.99329106368,6.24917719656,9.1520561843,9.93521527992,11.9850356754,9.21989234267,6.06512080334,7.25560782823,7.24905468939,12.4826695707,9.13819664059,8.82295991228,7.75869752367,8.39913512585,8.22148649345,8.07028353027,9.22583311843,10.2273905514,15.5044909966,10.973339761,8.70112112185,8.90687960152,9.7177291171,17.1185014969,14.9535107904,12.9794741718,10.2324724155,12.2658130852,10.1640142654,10.8444223549,12.2443277319,14.9375061022,17.3401353669,13.1424909022
07:15:00,6.43676670001,7.72784475828,8.45696082762,9.92818128655,7.69249770069,7.06017945887,9.20815380876,13.8259188313,13.2929355343,10.4448067169,9.28933948566,9.94800009752,9.46242295687,11.7721449148,9.96559338464,12.0058889845,14.1638394978,12.2324233226,12.7923878097,9.236055267,11.4799689183,10.5134078998,8.47128837916,9.92639766032,9.94959239297,6.28033433974,6.02795224694,6.51843183768,9.77407440264,11.5537437499,13.2468636409,8.7640668977,9.02966646853,9.4965149698,10.277307773,12.0622306389,10.7204358371,12.307515071,10.7196570458,7.99978141691,8.5297897945,9.80101342828,14.5193516314,9.97849173438,15.0246139823,8.82520437808,6.2133463507,7.27287761822,8.85467184346,12.191626551,12.0645420203,9.75726700129,9.3099073574,10.4218699181,8.76250121866,9.50698698457,8.79110011139,10.7759857926,10.437290036,11.4506337989,8.9324097797,10.242026839,9.76777303048,10.0073575035,64.0,12.4504599925,5.0927099463,6.75508152083,6.06146403368,6.4221193767,9.53021196555,10.7054678364,12.1362814244,9.09893749433,6.71540199115,7.00018312207,6.88501319192,12.2312206857,9.0087227402,9.73643399091,8.16274406153,7.9133072944,8.45720332291,9.11441017352,9.54658920966,10.7618825392,15.9674143374,11.0447409315,8.76602569325,8.73522092646,10.3582220697,16.8628676609,15.0071919769,13.6306499151,10.8118441273,12.8584007604,9.32446735885,11.1144558103,11.71435469,13.656448705,18.9083419598,14.015964741
07:30:00,5.45622606351,7.52693466276,8.39281385499,9.66688379499,7.29356205439,7.23834729515,9.37750094222,13.7875971342,13.8675923316,10.7030530393,9.45082726184,9.97596391168,9.50914824557,11.1730398233,9.87238083938,12.3371208079,14.6185026918,11.9828727559,12.1213082613,9.03605512957,12.2813050584,11.0625296884,8.27463692126,9.93260642164,9.91271807801,6.76250379826,6.25647853343,6.4623538259,9.67247341126,10.9864987875,13.3381016739,9.00207659533,8.8622767448,9.59858134501,10.698370171,12.0811225022,10.8874644521,12.4389598854,10.5748270172,7.99088374002,9.30147577565,10.3719758187,15.1143433973,9.99477277242,14.9051846939,6.76314447939,6.11126991851,7.74560689916,9.83696496279,11.661363975,11.9157808044,9.9716272574,9.66881100336,9.99073782224,8.84189870291,9.8480031453,9.45704181155,10.5803502529,10.3672631641,11.0609520901,8.74043395785,10.0187301725,9.93698751655,10.0157951403,64.0,13.9697087893,5.50173564844,6.97525191399,6.24289741809,5.99506047516,7.90572150747,10.7186728684,11.8724025875,10.0837350393,6.68232208493,6.8854993803,7.20540073316,12.0356080517,8.24596150396,9.79134046681,7.90986090433,7.44925860153,8.26892094685,10.6497605735,9.5422430278,11.2510620057,15.3659321442,11.3002111258,8.58039928701,8.64508534623,10.7936085688,15.8713837205,15.2874121107,13.8851460772,11.3888034033,12.6883950523,9.48547702549,12.2631260233,11.6633251525,12.2089611043,23.4337061201,14.9124340243
07:45:00,5.06439657546,8.05654522864,8.14458843002,9.27327501849,7.46201895221,7.46980797698,9.10024324698,13.6803827732,14.1709181414,11.037107338,9.59306182806,10.2146998481,9.27503361333,11.1846031187,9.87856061022,12.2930456094,14.822395579,11.9095033853,12.4808389182,8.95257862446,12.6328651946,10.4603620971,8.24788050908,10.1900352591,10.1074815533,7.00192878493,6.71555217563,6.73697844982,10.2893082822,11.2061050549,12.627301407,9.05917373245,9.6549649265,9.38563329056,10.682742114,12.0393372445,11.0347448248,12.4488653805,9.97254315012,7.97014467536,9.41741087771,10.5221349965,15.662047576,10.1048895627,14.4184209392,6.83632677238,6.45641525034,7.9868277167,11.3906352369,11.7512550064,12.1679241578,10.1117342238,10.6900014428,9.44361244933,8.87455920931,10.1768497014,9.8689243685,10.7288054578,10.640242943,10.4013966313,8.50008358377,9.97704391902,9.93360541196,10.0119082526,63.9999999999,14.7381465001,6.1828119305,7.01892373479,6.47800229308,5.57458400115,7.06478157502,11.250155661,11.7282383473,11.3093938429,6.128275752,6.72595301272,7.53335075926,11.9786388519,8.37762714296,9.26256764451,7.58739755779,7.79212890186,8.30874662323,11.6228427314,9.73123189854,11.9211170608,14.7285219786,11.7689632319,8.78580390597,9.29991295382,11.487162131,15.931887805,15.9395459213,12.3038488653,12.1059833555,12.3918846629,10.3343725688,12.656417397,11.6576737599,11.2614246864,27.2379873451,14.66897609
08:00:00,5.17843348734,8.76339772828,8.24067638411,9.45421594959,8.0904942445,7.21983298789,9.15775508165,14.9658177615,14.1307596764,11.8127079018,9.42058050897,10.8694350045,9.34153532613,11.019007096,10.1599933039,12.2018585348,15.7155724839,11.9767474338,12.5012670973,8.98065998331,13.1446739845,9.75093130763,8.4508170636,11.036282814,10.7055058849,6.99867905366,6.95100784232,6.86414837228,10.713547932,10.9957613226,11.941592013,9.00373568794,10.2103213599,9.20056547768,10.4486518727,11.499706876,11.4185385004,11.9986503075,9.61300291652,7.95115427542,9.29502762376,10.2641867481,16.0549387032,10.3870724779,13.7347453264,8.30787404072,7.09478977656,8.04502758848,12.1069307633,12.3081336301,11.9037313485,10.1937051798,11.2319330229,9.52152773199,8.80720996641,10.449800381,9.95200603432,10.6693743218,11.4149024343,10.1367707814,8.80045497207,9.99914295374,9.78803906355,9.94916133679,63.9999999997,13.9029042704,6.12220864217,7.02194338896,6.22139489862,5.77715251356,7.98214591821,12.1378957625,12.4938227116,11.7435526918,5.85101348984,6.56494166855,6.78119525,12.0719041663,8.43951086038,8.84232289491,7.96298171898,8.82854084694,8.6909457163,11.680643501,9.54750709197,12.4961118026,14.3517971138,11.8797878861,8.86300297895,10.0729731498,11.3149391356,17.0894506025,16.5341439166,11.6773523322,12.3284102891,13.22816819,10.5875292414,14.1340622882,11.9371848477,11.0622986288,27.775532892,14.2978002274
08:15:00,5.58669889972,8.9811229768,8.92029268862,10.3700175439,8.14757587717,7.01407785745,10.1309243108,17.7446785659,15.3331273668,13.3213783437,9.45179697306,11.715996782,9.74004242326,11.5192178127,11.1354183068,11.805663511,16.5932965736,12.3300303539,11.8512022786,9.21017618888,13.1610256959,9.05753930783,8.44748348761,10.4288772095,11.663451032,6.74896678848,7.077575851,6.89174935651,11.4555447129,10.7264562518,12.8534998505,8.78579237577,10.0210065384,8.61500599646,10.8488434903,11.9463889177,12.2256173748,11.8520026569,10.251317488,8.00721324202,8.51693678145,10.5665568668,14.8613961623,10.7097727654,14.1877385851,8.76825552329,6.95957042687,7.9950385987,13.7958291659,11.6763238182,11.8701133291,10.0101889574,10.7730572058,10.0782927042,8.83745978413,10.2694295093,9.89369632405,10.3924688437,11.5694288134,10.1290846367,9.23047726984,10.0131143138,9.66348999422,9.75720238405,63.9999999996,13.1348202459,5.94057177215,7.08230981269,5.97168688855,6.070060569,9.50300513699,12.7195613994,13.5027129934,11.7350626872,6.39173429194,6.99395697155,6.79456466667,12.3697173708,8.71214957348,8.69767829991,8.62944596936,8.86085928464,8.91229034389,11.2244642739,8.96255608112,12.8578762079,15.0753268657,11.5235492611,8.72115212285,9.73770942697,10.1786716996,17.5253671912,16.7626647622,12.1885528002,13.2091437983,13.6727749053,10.292577158,15.2229582597,11.4262952316,11.3371927362,28.0247153273,15.473163546
08:30:00,5.72068793848,8.5165563327,9.94129954672,11.2725588577,8.42086330714,6.93853213948,12.2851286359,20.1861061298,15.1025122901,14.2292264729,9.36396387089,12.7913425731,9.81887329177,11.4901871343,10.9035883973,12.4428473952,17.3196860468,13.1612827305,11.1967197478,9.76968425727,13.736866628,9.00162547016,8.90028255674,10.2527809409,11.5269651841,6.25164606611,7.30797083457,7.13937042113,13.5985551132,10.7776558582,15.0523672522,8.34790233405,10.1590382354,8.79945198164,11.8387572644,13.8641271389,12.8056763425,12.7753098043,11.4165922031,8.30931372611,8.07569387088,11.8692976499,14.5399219302,10.1672967171,15.6414907922,9.19219237753,6.79435457781,7.82163765465,16.0534465421,11.5838822827,13.006518355,10.9664240288,10.3279594072,9.92466093599,9.54849753957,10.3387106492,9.97739268409,10.5497523786,11.1522043874,9.96680673066,9.77816968,9.94875912876,10.1470815998,9.46735671195,64.0000000004,12.2989240309,6.01413002479,7.25413516424,5.78470011947,6.36629769692,10.5082579949,14.0570292728,13.1008210823,12.1456695463,6.58961017209,7.47460720838,7.85669897054,12.7825835089,10.5970584787,9.31106015155,9.25365945247,8.53436736892,9.08766119119,11.2943194392,8.85285215506,13.8960166483,17.0350863228,10.8315357574,8.54340099666,8.92161897881,9.35021366897,17.2420314446,17.2482792901,12.6656419272,15.2444228994,13.7448977006,10.3220879507,16.1818782976,11.1750720319,11.6871195559,29.4128414341,17.2737227002
08:45:00,5.8384979301,7.21428720093,11.2209737843,12.6736838598,9.40280423694,7.05102967288,15.6238971365,22.9698842652,14.0971507899,14.5596034114,9.93073990689,12.7004362062,9.44626147219,10.6984313011,11.2924197404,13.8404700224,18.5722659555,16.0023744406,11.5014902336,10.3673888268,15.6050916879,10.0895505514,9.57665007138,11.5352020842,11.5147944667,6.0076373863,7.69975572391,8.14310187178,15.3147461951,12.075913654,16.5205368502,10.0610393493,9.65442114729,9.69438857501,13.6761465118,15.8448874731,14.0571755491,13.8309538112,14.1352974246,9.01402139458,7.9299808493,13.4793476609,15.8262256597,10.4344050938,17.5846148545,11.0178947143,7.42359875222,7.51952446619,20.8842406574,12.4062180993,16.5121680232,12.4472709514,11.3651106316,9.71480058895,9.84859254158,10.8217583454,10.6990999127,11.0079505943,11.0727538366,10.9802363235,9.97059686582,9.70964990084,10.4989572877,9.59654486996,64.0000000036,12.9906047383,6.83796856015,7.4269119765,5.77288267088,6.43873228883,10.8727929815,19.7730532854,12.6286328814,12.3669936124,6.5003445602,7.48058672262,8.66170878957,14.4815728824,14.0714536257,11.7695381421,10.2435993731,8.77262968445,9.50735825565,12.4812948383,10.1697564406,16.7843870795,18.2163968419,10.8879372529,9.07059501367,8.77678014471,9.74407549043,17.1911028534,19.0888288081,13.559705771,18.5121990115,14.1181796572,10.9634789354,18.8236788688,13.3809919056,13.0387061627,31.3177873404,19.8318072527
09:00:00,6.75685032404,7.88579232101,10.7939931338,14.5401188035,12.7441197549,7.53234001757,21.5805016204,22.4035845244,14.7702546298,13.8774073352,11.1978560437,12.4655563636,8.85269392153,11.9300922847,12.3226517065,16.8398964374,22.389189258,20.0626099001,13.3357449687,11.1721260214,20.0248625271,12.8244243682,12.4434567185,14.7977868341,13.7917546368,6.01456911659,7.69455178073,10.1602931718,17.5791747948,13.9924714349,19.1356167716,15.6003725401,9.21908349997,9.64139695512,14.9412500209,20.7523815766,17.2672224547,16.5306971307,22.6007191087,9.65927446213,7.88709193217,16.9650501635,18.3761731427,12.8512652221,20.2227420942,11.2991878894,8.08305031731,7.44012343387,24.1857761933,15.350975778,21.5732472208,13.9047422251,14.6970630692,10.2535579527,9.54901901985,11.2052658438,12.6000374401,12.5342844015,11.9361930663,12.5660592139,9.77848413054,9.30184087458,11.6850972656,11.7269739836,64.0000000101,14.207403419,8.8789124887,6.98186245387,6.47928238337,7.32763734233,13.4549825965,27.3763287937,13.2249921288,15.4993161356,7.00042054198,7.5363754411,10.1903068106,17.0725887754,15.9184341064,16.5380616607,11.4999240311,9.4304760781,10.2863591523,12.7878374343,12.1589257546,18.9048081606,20.5344071343,13.113872111,9.95677759385,8.61203330651,13.5743402728,19.8401780193,22.8855960441,17.9905465347,22.6015777556,15.9764684554,11.8599915266,22.5974598447,17.8913874458,16.9443405195,36.2917463063,24.7323013652
09:15:00,7.61547070962,12.9139740306,12.2530877592,17.4912222224,19.2899224754,8.46117338774,28.3404196224,22.8550099292,19.3807339938,16.6283295977,15.3495634303,11.7081093154,9.37613465238,16.5744494549,17.4301841853,24.6015516401,31.6640770014,26.5465446437,16.2667347189,11.6179543111,25.0451574211,19.530255634,18.3142730421,21.4917772165,21.4930725181,6.25479485191,7.33446881895,13.1620900411,20.7374053577,19.7467436887,27.7341414435,24.5189923261,10.2561112246,9.59328115049,18.8620135562,27.760546159,23.6085734213,22.7243945936,32.7355483628,9.75496835429,7.89435963636,24.9360530998,24.193178852,19.8892342413,26.5922741248,13.0541078299,9.16125913587,6.8958100259,30.0871365162,24.8133636305,28.3516047886,17.8963084471,18.4061476469,10.9161781389,8.76386612092,13.3324097,16.8232248708,15.8800735222,16.2021303085,16.1604885539,9.23136304581,9.31208649289,15.6735671661,18.2477614386,64.0000000136,14.9656516475,10.9278498006,6.44638484777,6.90118175572,11.1958212774,19.3676133767,36.8294445839,18.7714768,21.9089311416,7.96563208275,7.20527984537,14.0997881414,23.1983887072,20.7781917614,18.5425038123,14.4360929801,8.81747702781,10.5249249849,15.2538045135,17.7265040323,24.0703263915,21.4714722278,19.1545841895,10.7148021299,8.18265855659,21.5669401439,27.2746478376,31.0622061094,27.9585548796,28.0772667292,18.2672524609,12.7279092682,27.3049633594,27.7916074346,24.878998264,44.2513369108,31.8964746947
09:30:00,8.04038402806,22.9101500254,19.6030015567,23.0661150433,28.397085503,8.8515599624,38.9281254364,27.8847944525,28.6469898061,27.5032468821,24.1744011281,11.1183886041,10.6491598343,26.1605976116,27.4056136535,38.6060677554,42.5121717171,32.5335144059,21.1902203129,10.7946801233,32.6652295912,32.8822043261,29.1157561496,33.4728415892,36.1704656609,6.68152995399,7.27251309103,16.7990518556,25.9766527402,26.5732020335,42.88141175,31.169244047,11.7304232525,9.22005127938,26.7838828403,36.5385547769,35.7195399017,31.2005067691,47.2610380767,9.49244957234,8.12493261438,40.0719040847,34.5283109747,30.3171388463,35.2841283713,16.7023146844,8.88067443605,6.31871284272,40.345852606,40.4866384121,37.862595126,25.1699557643,25.1805691535,10.5707903541,8.50918495165,18.6358347816,21.3116069294,18.7280688752,22.457787663,20.0676190673,8.80179692216,9.72345944953,23.0622380901,30.0940766533,63.9999999874,19.8668741602,14.0178435087,6.38415250186,7.07729852002,19.5508178294,26.8135066657,49.3423318548,28.699680613,30.9635003851,9.27093206384,6.97785553482,19.6668342684,29.356552646,25.4540502189,23.6326143803,21.4657177118,8.38225085534,10.7505985526,23.343378494,23.4607837002,34.2843719509,25.4411328814,26.427573124,10.9439668266,8.01986937436,35.2991266862,33.8995471644,40.2710920272,35.4830283975,36.3008180186,17.9850831285,13.563532651,35.5530118575,38.3842257627,32.4289739948,56.5296851204,41.7809941673
09:45:00,8.4266738013,32.6576899397,30.3423029039,27.8214737484,36.8426369917,8.79518314512,45.6872541113,35.3435522089,36.5259550037,39.9363766758,32.7617813378,9.97046914157,11.5520763321,35.0687326455,38.1791682172,47.1309736282,51.7205619337,36.0097656338,28.468493141,10.5562012629,38.7940174168,52.4949191538,46.146017064,45.6130938766,52.3895065791,6.73840008076,7.49275321152,22.3975579095,33.0093210827,36.2128307099,53.6744456877,38.86548839,12.0947160657,9.0051551591,36.3282764834,45.2344886688,47.0212865058,41.2987050393,63.4273444148,9.553127909,8.96324024605,53.1800445338,42.2462799944,37.1253372496,39.7046740092,20.5552529416,9.14122717425,6.349340433,46.5451824103,56.4373296175,50.4183630547,36.6810534297,32.8962370839,10.2531675265,8.27329437706,25.8833665562,26.3616785986,21.0008743352,28.8861266121,24.2705683705,8.49962297851,9.89485945248,29.1018468068,39.7055661688,63.9999998779,25.5812923983,19.3262570245,6.46606906426,7.24398689688,27.5085181788,33.2602570537,62.4660326369,36.8982436856,38.2128233372,10.8600092011,6.93409841806,27.9685503954,37.6478831461,35.1929495838,28.5731355238,26.1302237574,7.93846182684,10.4410726847,36.0131327664,32.4970491199,41.4097222346,29.9139853983,36.0411701712,10.8139656294,8.28956212603,43.2142711945,39.5706151811,51.0402746018,46.6661549209,42.479250252,17.5900069912,14.9073436291,45.3385010646,47.388601451,43.4225657825,61.9572430803,49.0495773198
10:00:00,9.08865549522,41.1196633572,42.7635570654,32.1817447329,42.6094340894,8.68060641465,49.1051898238,45.3123084076,43.6805829109,50.3554427023,41.8523140042,9.30164863166,11.666871342,43.3578552237,50.8698486756,49.2416625921,59.0519927457,39.8945159626,36.0834039682,11.1670552886,44.0100000945,66.218640174,60.4716545089,51.8389648251,60.3748364645,6.50597098212,7.43423161293,29.6858837854,41.5945090458,45.2602098914,57.4474377538,42.5835979483,12.340839641,8.99193804815,45.5488474153,50.9193195197,55.4958980401,51.957647248,75.9625473883,9.6335140123,10.5438466824,60.9241076928,49.1551744449,42.6699099712,44.6920234716,25.519737721,10.0814994348,6.99077565995,49.5766786646,65.758689917,58.6058631448,45.0450591673,39.0679226257,9.85750187666,8.52614335885,32.5711609285,29.6467210024,25.1649560262,32.7545333125,26.6172159448,8.73108458944,9.73826731067,34.9186539051,45.3337232196,63.9999996565,31.0453794829,23.994766742,7.59473317937,7.48300406688,33.0831778471,38.5484457996,71.0669252517,43.8564449094,45.2796986992,14.1346880828,7.19829333409,36.7483731891,47.4600774694,48.3337295235,34.863580641,31.0396012249,8.53527249777,9.57284310518,43.5328837335,39.0490172529,48.7404107368,35.4783603192,40.24856034,10.6065588301,9.11789442906,47.1574915908,44.3444967398,61.3555905832,54.6440654872,47.2179460202,17.571904325,16.172758855,53.5523029917,55.7556419957,56.8301237082,68.3050926945,52.8039533546
10:15:00,9.48729697304,45.9437599825,50.4747234977,38.9284268954,45.9950599605,9.30602695949,50.2948085273,53.1849838404,45.7219168449,57.3154153336,48.6630463965,10.2082864949,11.4713793958,48.9495007224,60.2383193934,49.741580725,62.82808538,43.0874517598,43.0798172774,11.7793772329,49.3036219876,72.9137691362,68.8672330803,56.8506974279,61.572083351,6.5880082465,7.55048430473,37.597189247,53.4726731243,55.884258332,56.1856910697,43.5684685353,11.2712118241,9.21343488688,51.8426955988,58.1950416768,59.0828862994,63.5185811603,84.7400381783,10.3238627123,11.0748355823,65.6076377404,54.5705228713,51.0562630317,47.6749411729,29.3920782595,11.5576189535,7.54742052077,55.2415292841,72.6693127461,64.1753238568,53.515323842,41.417922799,10.7716505718,9.19109210463,38.4286406905,30.1166580676,31.685031402,35.5581406964,26.4143045308,8.90317917251,9.37594492803,43.4352263601,47.8189087028,63.999999539,36.0330237385,28.5125350062,7.74060536305,7.38813341686,39.2720159986,45.9981400551,73.0793227465,52.2670758052,49.361278498,14.7767748947,8.02652828577,43.8126385255,54.8850665856,58.8293305375,42.8571920827,34.5433927071,9.34492176992,9.24026016868,52.1461822654,46.3363068205,52.7510264823,38.8946173883,41.2205882969,10.9755754622,10.0518996489,54.5453634084,51.1366063309,71.1223275177,61.2205812921,52.1637874103,17.2406414233,18.9585077227,62.4082875202,67.6590519906,66.7768662879,73.4298297068,54.0466968345
10:30:00,10.9062551076,50.5383428054,53.5566475268,44.4795296687,46.0782295908,10.1084291389,52.1586065282,57.7308824838,46.8998343013,62.660379537,52.7063977754,11.1834448887,10.1096923415,53.0494940703,65.3055473841,48.9508489199,65.2664755723,50.6992274678,44.3357896148,11.2111915516,53.6453272699,71.0034274419,77.164008356,65.6706050276,58.6772023436,6.57633549807,7.42658407055,43.6928664872,57.1952517214,57.7334750027,50.9796332493,45.8978000674,11.0065711784,9.71880451929,57.5092261665,65.8250104481,60.7299669982,70.4074600458,89.7081131897,10.9474008144,11.67659724,71.6859634692,57.4975049289,57.0499825092,50.6981445844,30.9291083516,11.2627145965,7.34212569278,60.1875648547,77.8704117062,71.6652473614,65.2550799843,43.5326893725,10.6684670259,9.13921410428,44.0429067771,31.4279717162,34.6959058636,39.283015071,27.7341449795,8.96073496644,9.45361958719,53.7368233369,49.3340370763,64.0000004283,44.2273545238,33.3791906782,7.68467977245,7.58715019989,44.9058961031,51.8325153722,74.3036876656,63.1100380746,55.0953173618,12.1986996572,9.27830460781,47.4709359022,61.0946265256,67.9652340785,49.1800509176,36.9119383473,10.4691035495,9.39198801946,57.0308117651,61.4805020384,54.4353370222,39.9663957112,42.6309780283,11.3617268985,10.4028222928,68.4794789992,58.1733649646,77.5345917852,64.9113925564,58.5277644689,18.7622759296,24.5178019164,73.0157185484,73.761252038,75.7277646216,74.5778644717,52.172475613
10:45:00,13.6545928256,52.4242548507,51.1407274831,49.3962086947,47.9475380448,9.91274339301,59.0094630777,63.3493406336,50.0203790857,67.6035896127,54.1686946087,12.3036129803,9.78314323541,58.9646587514,60.6158608743,47.7064266203,66.9286282982,57.6655940092,42.5697429723,10.7217682343,57.3983161405,65.0831982205,83.4587697537,71.6196061114,59.2419818451,6.88675986801,7.54663508455,50.3399292049,58.3683369917,56.6878422107,50.5483097674,50.5123553908,11.1252326191,10.1303360156,63.1624530531,66.1824977877,61.2190832524,76.0130748529,95.3349924707,12.1796296995,11.3198507851,78.3991381913,57.8002545301,59.3041284188,54.4564688315,32.1035052727,11.7746773233,6.60290081175,66.579557394,78.7245749063,77.2634881158,70.3969124405,46.1628285172,9.67750350948,8.85939863841,49.1437787425,35.0038277351,36.9623220082,42.7989413509,29.8204390805,9.04222186487,9.86512871467,62.0382512806,52.4142053924,64.0000041489,53.2454537207,36.0692926065,6.72673983859,7.9315628353,48.2716496331,54.2784671932,76.38183706,68.8310818091,60.3970129231,10.2593426015,10.7600670634,52.4075777661,63.4904001492,75.3682605241,50.7438540489,37.3287928744,9.31966820302,9.49617046441,57.0721911049,74.9305734811,53.2850569434,42.7080996169,43.7122769267,11.2545735878,9.37810757035,76.9707038977,63.4079809899,79.5418347298,69.7910269174,67.193292422,21.8215826406,30.1868376749,81.6672849342,77.406558759,80.594057233,72.13594793,50.4825638746
11:00:00,16.2288628386,54.0456535327,51.2450666432,51.2805602781,52.5351212056,9.32704188439,62.8430443711,68.9779296177,58.0899264012,72.037540787,53.8234678133,13.2783901598,10.4736804509,65.9028301089,56.1024933228,50.9435754298,71.8430573885,61.5238473715,39.8285201118,11.1479941677,61.6351342585,63.7418097173,87.5202899787,74.677409111,63.4638055712,6.78241749136,7.54157337977,54.5196581246,60.2075176471,59.1603922577,53.6514995999,60.5572972167,11.1923687044,10.6327094076,66.3979378604,67.9907547536,63.8722441812,80.9092964387,96.67266969,10.8012491198,11.6221208669,81.6152882802,58.34789573,62.3717957569,56.2484598709,35.0297295952,13.1459689001,6.87350412789,72.2071492099,74.8535670432,83.8274058546,72.5632460884,52.9935676586,8.59137824099,8.5621067791,53.3752625865,41.4114484786,41.857210706,46.4096743085,32.4485986644,9.36463982861,9.59707056266,69.0806699623,54.9264365507,64.0000116692,60.2496941635,37.299018283,6.79720944761,7.09857934265,51.8443158551,55.8978602158,80.3482126496,71.6558809508,62.9909280906,12.420184644,11.7216512,60.3650047593,69.2847772649,80.7347620947,52.1001965449,37.1536343227,8.37025899767,10.2369752715,59.0941156267,82.1744876463,55.9212267879,45.2013420122,46.4350763282,11.4202221817,9.3795561055,85.0709456406,66.4469328263,77.0243241258,74.1112268989,71.9882575578,28.578784494,32.2662074043,84.6242384388,80.4167846988,84.8314534029,73.3351020791,51.9332845777
11:15:00,17.8164322071,56.998186564,53.6063133175,52.9422633341,56.8780388666,9.13390998948,67.6360904482,78.8555394973,64.0740932795,74.6475490609,56.1068590889,15.2101498567,12.5969658906,73.1425259834,54.4669564394,58.1847037116,78.1810200777,62.4800955233,39.0194778509,11.88321977,66.6316950018,69.4015937368,90.1998022294,77.5845102352,67.0560935476,7.75292476711,7.94906482019,58.5334755607,63.1917084161,62.188473024,55.9523621882,68.1530774745,12.5226867544,11.1499326956,70.4863360839,71.6080368282,65.5732923991,83.6438459546,100.103153575,11.2336994283,11.5612305648,82.4042637272,60.4090435231,64.1978226824,62.4597259966,39.6152313463,17.8796964468,8.49189226792,75.7008678227,72.4300030012,91.6873840807,74.5826809249,61.3844771882,8.84770242007,8.73900232158,54.0938068238,47.2104008308,48.8288588106,50.8210860147,37.7531574003,10.0605450887,9.90578595398,75.5287365918,59.9093426659,64.0000156594,63.9115412449,37.645959987,8.37303280845,7.90228207087,55.5556347692,56.6956247514,84.4735820342,72.1479458238,63.8075999267,15.6240214985,11.8927584384,66.2705019923,72.7093473832,83.0245699625,52.3129653756,37.0885549779,9.45518279476,11.3062292798,65.7759984628,78.8390640695,58.3947732112,48.1115365697,49.3454137155,12.1156321563,10.0527533815,91.8907039689,68.0807369134,74.7786582873,72.5416811906,70.3539613207,35.550939146,34.6828281607,86.8132609551,79.8006248845,86.7075479459,75.1344530564,58.5158329312
11:30:00,21.1469423145,56.786194592,55.4709825304,54.6298762215,60.9431084098,9.46184931593,73.6792526065,87.2652010977,66.7586439501,78.0438488614,61.8080745082,16.6444851805,13.6213005551,76.1566039975,54.2057752885,65.0650689692,84.4276588237,65.6927516905,41.3929327836,12.0248071239,69.3936432317,77.0012626487,93.3079597464,81.7265874709,70.8046546574,9.72306311156,8.22362851024,61.6434875787,67.3847887334,64.4886478743,57.8110577734,76.3055536603,14.0461566802,12.3405950647,75.9024274984,73.4110899871,65.4615821583,82.9458516746,104.663113473,14.2959227386,10.8707612245,82.6053379627,62.5565214441,63.9834558408,66.9789557605,43.7080013625,24.1870292828,10.0490136028,75.2769423327,75.9193635781,91.5189945876,78.15732477,66.7079921798,10.7013307644,8.7575355029,55.905334796,54.1373547189,55.6111317639,55.919699923,40.9714516292,10.5332142189,10.8534745861,75.8857684544,64.5486627514,63.9999854516,66.4030720306,39.0896734315,10.3367352348,8.95959468365,57.6487146657,58.8809706799,88.3322875144,71.5590248502,59.7957093126,21.9732795902,11.5597877997,68.3213450563,69.4261454843,79.7279911104,52.2456544216,39.5283784801,13.6682284602,9.92180878557,73.6090214922,70.2021469936,58.914169293,53.7014129378,54.1191739151,14.7573186243,10.2841726705,90.3985873422,66.2060440383,73.5527872774,71.5296246838,69.7551900396,40.0975352649,38.8312021921,91.9125574984,75.7332049457,92.8270288708,77.822922841,66.3548349891
11:45:00,27.31717013,56.9176451364,56.872962671,56.7074306311,62.9410694843,10.1715414925,75.9910012473,94.77886625,70.7811560833,81.5415764938,67.5026019663,17.7066895277,13.8210536639,76.1328698072,54.8815620556,74.8505212831,84.7060759285,69.360038052,46.1602458019,10.903678772,71.6632338054,82.6763413493,94.2558113118,87.3202983346,73.383110689,11.1117644068,7.92165391395,68.0448491229,72.4672212009,64.4005341256,57.6830222207,81.7144283214,15.647374884,12.5634203089,86.1483197106,72.5605865492,65.5298829127,82.2567499636,107.182911581,18.3394623074,12.1618330619,85.2492569633,70.5450659814,66.5342965123,68.7753857213,51.925567788,28.5197438339,13.1520319676,79.7498661945,82.9271235692,88.6230410076,79.8239235939,69.5675933311,12.7117131513,8.50715191695,57.2281561973,57.5081784084,56.2801773864,59.9498674576,43.8345028909,12.0648336158,10.6907642486,75.5976096518,66.2114504888,63.9998590587,68.0732810965,42.3177943558,12.8247764236,11.0828767029,61.255394296,63.2718583781,90.5515073223,72.8449748048,64.2887372758,24.3223423479,11.2236214276,72.1738055585,61.6785117825,76.2861925963,54.135826812,46.6908185139,21.1928192704,8.68913152532,79.5323696683,65.8634525226,60.8983416905,60.0106276255,59.7414143223,18.5305323856,10.8547804819,85.7817962825,66.5580311614,74.5373445842,74.438929889,76.9488074017,44.476183227,44.7401754245,93.9738111739,76.7884007431,96.379488295,83.4205272996,70.5432509426
12:00:00,31.1300079936,57.3281165324,58.9041770673,56.2792058106,63.1964449194,12.1999695159,78.2313015588,99.4380845896,73.2619194496,84.3681705403,68.1497803421,19.2330859336,14.2279933261,71.9459210734,55.6453783492,78.6767727953,80.2840560469,76.2946734062,51.746912231,11.8011430094,76.3954351169,84.5598294373,93.8384862149,93.1291254012,75.8557741155,14.8918343118,8.1522734749,72.6457399797,79.3498909544,65.2864533463,58.401575848,82.4682966845,17.1186244077,13.4959420929,86.9212653306,71.3950188595,64.8477997995,81.1262738372,105.166683151,23.1240159146,12.3040438439,88.1560907797,77.016370735,72.6890342958,70.8603409167,57.469456042,32.9555579607,15.3100839918,93.3802481977,85.2200306139,89.262337798,81.8045738268,69.1507769805,14.0356379298,8.3622261518,58.6699111295,58.3640307268,53.6898799706,61.3165401968,46.130429467,14.871161238,9.96133355878,78.3385673768,67.1674340566,63.9996035907,68.4650189576,43.8386116361,15.300145602,11.1652982832,66.2100830807,68.9243068635,91.0938446616,73.8436027623,69.0287462191,27.5790340197,12.2655658669,78.8414649933,58.8574955233,70.6843592572,53.7297368328,51.7368318032,26.8759215813,8.36999766445,85.2671849604,67.0184027735,59.9378784748,63.6760112665,64.9588445026,25.1058869914,13.9771979841,84.4303566276,74.4597871666,77.8173891411,85.5742199488,83.1812970155,46.7494228788,48.7761894001,95.2235900897,84.0736782462,96.9004605938,86.3014366164,73.4643710048
12:15:00,32.7540079854,62.1178968427,64.9106237058,53.0346197452,64.1516185756,12.1410333983,76.0781162344,101.726673252,75.7589116526,78.6679165959,69.7037445816,20.6466183782,16.231780323,70.204615843,53.8851616667,79.9784930815,71.0172319767,84.5893004472,56.257935792,16.191150587,79.2187479495,81.4320438125,92.3394911213,101.275954576,76.5207360323,19.8125496719,10.1813118088,72.2646416902,82.0092407272,65.7076588533,59.4339945321,81.2268973333,18.957438525,13.6888534635,85.6218775476,71.1317061646,65.4251721304,76.590656384,97.7527402711,27.730356725,15.8433252133,84.6473955361,77.5219973422,76.2177657659,78.6943749419,61.6900559676,38.5327018554,23.7282423699,106.928964743,84.710585213,92.4536174005,72.6735247109,65.5098528036,14.4064671458,9.68282896163,58.3819273001,54.7297136852,50.1337690364,62.524934804,47.9783438575,17.0382878122,9.82733263673,78.5877295187,67.263440656,63.9994680403,72.9745739357,45.5248254374,17.5762791497,13.9342761734,67.8364018479,70.3506183969,90.818888091,72.7027661872,73.1803239932,26.0064941577,15.6196848072,82.990293738,60.9971223871,66.3352907372,52.5019851458,54.4457380445,29.1788632082,10.3479443177,85.4698700006,75.1355148178,57.8266843359,67.3131392433,73.0353453763,31.0929312221,18.1544853814,91.1707016501,78.118338615,74.4032907135,94.3622582282,87.8015276856,48.0274276131,51.8253348119,99.9408400065,89.119701938,99.1665035529,87.9987663768,72.4149835034
12:30:00,34.0977061985,66.7310410651,64.4299464381,52.1046787992,69.856084475,16.1886941196,72.7468048503,95.2522801944,75.3062713967,69.8487591749,69.8190689466,22.9040589744,20.7660887837,71.6259700156,51.6980928069,80.836806127,64.1931244221,91.7472150567,62.3044957442,21.9453662372,80.9708028525,80.9536425006,92.3653602669,109.625420963,73.9645393036,24.8395187089,14.9700465814,72.428555836,79.7219313443,63.652497271,61.4444024539,79.7133754824,23.4241016947,14.7009632814,87.8082388893,74.197929992,69.5762396181,73.4335830183,97.7460287313,32.9912260743,22.7175211256,81.7325457973,77.5807659703,77.5125189052,82.0173595587,64.9988453241,46.3782897893,38.9914118126,116.396395835,78.8712266397,96.6889366613,63.3958778349,60.3955765154,15.4862869862,13.104578797,57.1757101573,51.9019678408,48.5256141628,59.4471875484,47.236499628,18.9099815894,11.528244485,76.1470492133,68.0114293749,64.0004942183,74.0681964373,47.5719126519,18.8663222428,19.786630556,69.0378052644,72.2144815124,88.3985368465,73.8831170201,75.8505660109,28.7097942749,23.688910204,85.6033321835,64.4164270079,67.2830681664,54.4676987474,55.123193328,30.8111288037,15.266513271,80.2624575008,83.6465001801,56.4829070144,74.1855644052,87.3171088591,36.8894398748,25.9353069103,97.9685513672,76.8211377343,71.6706407842,101.081368194,85.795774186,47.9215250648,55.2213235529,99.9573265054,93.3097798094,100.15325377,85.4427589333,73.7631347569
12:45:00,35.561622755,70.3758105121,63.1785417045,48.5511498464,72.0560994881,22.2548458632,71.2964945136,86.1692068676,77.4203140815,65.9828095998,68.7428385358,25.6689430785,24.3010321912,72.5177678052,51.4110292351,77.3758497542,61.0647901336,98.093112222,67.9818997629,26.5531535181,82.0517344762,83.921195902,89.8436456446,111.490250512,71.7322547291,29.3132503008,19.1171318412,74.1352006181,79.7461421762,61.6939975174,62.2289347297,73.19708168,26.8640213249,18.7133734808,89.7946767882,74.7575595398,76.7648977146,73.2574263863,102.446013777,34.2786518484,33.1778251094,75.1261250562,81.6675021023,76.5297901645,85.1804166453,68.4271899356,56.5540323226,52.2280122909,117.924991993,73.753223741,99.5531176252,59.5896853656,56.5389982238,18.1242493458,17.8974361854,57.0989105494,51.7181063806,47.5116468554,54.9055650919,47.8064626294,20.7534351963,14.6488868326,75.6430205588,70.3964779893,64.0047878554,72.2629889976,47.1256992974,21.2308617578,27.2506292667,67.0449443013,72.4783479503,84.8669139816,78.4397748266,73.7859196983,32.7810175685,31.6368043985,85.6830332446,73.4401992455,72.9011912003,54.6380343426,57.1833776545,32.1244766043,21.0733576748,78.8272401713,85.7120407494,58.1713255788,78.9305611151,101.079636114,44.7073253029,37.5593560444,100.448222496,77.6189595225,68.188449409,109.285356857,84.5472559195,45.9881876429,58.647197892,95.2231351546,95.7878159751,96.5033407381,81.5661238849,77.0469040766
13:00:00,35.3508653804,76.7983843658,62.0129130689,47.2264421621,68.7857515354,29.8739945736,75.2927026308,78.1271943346,79.0048123127,69.4446608433,67.0840005544,30.7966880982,27.7745464614,75.9358533945,51.9546428029,76.0461495314,60.4990370176,98.457256817,68.7764640351,31.6131435139,84.9200717656,85.223989416,85.9711787141,108.932327247,75.4398745014,34.895215908,21.2811284737,77.5251825655,81.8961899048,61.1001939684,62.6949215684,71.5206155092,32.7744014349,24.5052594327,90.279040898,74.5786040222,79.302562636,76.7973930978,105.660103192,34.9822097842,44.0403884419,71.0776252108,85.0954992805,78.2010381843,88.4999489625,67.0087649778,66.365060437,68.5836401507,110.864412067,73.6653920845,101.253109015,60.0812437997,55.8800150058,20.1969321474,21.1222040598,55.8477590099,50.21150681,46.6868702948,50.8279589991,47.1167994564,21.0158780806,17.7175884387,75.4080392269,71.3808055253,64.0134662454,73.9396612773,46.1881860881,24.9978400858,35.2812790292,63.0128594007,76.6757064257,82.4610688571,83.6616251326,72.03170046,41.8926586861,45.2491093241,87.0251854694,75.560374944,75.9970231618,55.0887511414,59.794084369,33.8484072386,27.1831041373,79.821595721,85.1998180545,58.1909050691,81.8142749255,102.964210585,48.97962011,49.3957124367,100.29692902,83.920303509,69.1844450756,116.36529484,85.8476439168,47.9408376268,61.3433529925,93.7736985116,97.0781549312,92.5528864078,80.4160529639,78.2781012603
13:15:00,34.5472962899,86.9933207844,63.4324806865,51.8806653289,65.9669295615,32.0709544688,77.7079575815,80.437569923,78.1229105334,82.6432866784,65.9658251363,34.8048252845,33.5225031275,79.9005353559,55.4375468919,80.5465315186,65.2330927128,93.4836892718,66.2107052219,33.6176602721,87.9308747138,81.9089166378,86.2574996452,107.03303417,85.2388813551,40.6203863891,21.886333682,78.4687069712,84.4941068596,63.751125965,63.2918237193,70.1324131933,40.9244033939,35.4290495466,98.3698272965,77.9139535739,79.9708551689,78.2738369899,104.303677206,37.9341719223,57.7657121818,71.5842880469,89.8430468427,80.3981412761,93.9315259803,64.9228657555,78.0084404692,82.7478671558,108.714330918,81.4100997561,108.889624301,66.517478903,57.2805274905,21.3324146222,22.044812983,58.9206649734,47.9793338732,48.6229939506,51.331130651,46.9831514447,22.6376692973,19.9649043971,76.488459772,71.1336750307,64.0180709713,74.9529449416,44.5099751428,30.033476102,44.3323280339,60.0067024024,79.3833497535,83.6842228706,87.9580038104,68.0613843041,50.1551771383,55.0379581171,90.0595109167,81.3884914562,79.5755449734,56.6195396684,59.7563515075,36.463468127,32.8636639173,80.2484215159,84.5534321253,63.4979593675,85.2417291587,99.45284349,54.7247062939,62.6947436512,94.3054399284,95.8957501782,73.5094574534,119.141539051,92.3940973695,55.5165220102,69.255788234,97.1981788245,98.1295092232,91.6313312549,84.9074901327,77.3747279523
13:30:00,33.531046938,88.3584091944,65.9108385745,59.8110446054,63.9500194401,32.1225506192,78.9293824836,84.1572722912,76.8281285614,87.0983391915,64.3435813064,38.6175096915,40.3316808002,84.5604154727,64.0590692779,88.483522713,71.0061108234,84.9019363826,60.2542119142,37.8327408127,91.5990597824,78.5748923308,80.2697911801,107.009099789,92.4010090218,45.7333007866,24.7947877217,79.7856139971,84.0695455601,65.3264449114,63.0792587948,73.4396799373,47.5343857012,43.8266533665,100.617450265,83.859290285,78.9462708279,78.3123257039,97.9719096633,42.0023907345,66.7335205039,68.4881049286,87.6974355658,82.5909013829,102.430819244,62.3312576177,86.9511178817,98.2429847688,113.245599276,82.4589306723,107.057158928,70.3828288417,63.8424062959,22.7649117064,21.6867853977,60.1205198549,47.1957386944,54.5179867025,54.8759234302,46.9875610175,26.5274117402,23.1862129244,79.1145582944,71.0627385025,63.9832111254,81.2782491015,43.4652964048,32.2083085104,54.2949664129,61.0659063446,77.826657897,90.1174597053,94.4149964671,67.2850463182,61.8937150637,63.0172652655,89.1653607062,90.415336247,84.6476912336,61.8525881656,62.283048368,40.7533922126,43.0167399993,81.4674234805,83.8168468827,72.6669922182,91.9893972862,87.0991248754,61.0017256323,77.9153923787,96.6706661728,103.875272996,81.6454260607,113.703856718,97.1884876356,64.5706125334,85.6437970108,99.5383413181,93.7342815346,95.9623429392,93.1232734262,77.6985832765
13:45:00,33.587656199,84.3047974534,65.0566193769,58.5534745921,65.1515479217,33.1636991581,81.9281852916,85.4681002514,72.9281651474,87.0428971119,61.2408878171,39.5492458046,45.9438518349,90.2630248167,71.1434439526,92.3705870744,75.0910595275,75.4741464017,58.4551622593,40.2891016118,90.5777940054,80.0029979825,77.0602367701,108.011184272,93.720228523,48.2377253651,28.0958634845,85.3583298626,82.163944807,68.0035502815,64.5331969687,77.5847945594,48.9759000684,53.1818813429,98.832669492,93.682389098,78.4635947898,78.9907529015,87.6526199964,48.186374848,71.7921132197,68.4624911265,84.7598625411,89.4528378956,105.090448337,61.5499744026,96.6431571986,107.095550141,116.800406035,79.4632692376,104.570959734,76.1267739758,66.1064670586,25.0638090917,22.9800177807,61.4088851225,48.0762046511,62.3238295295,59.2609194175,46.7457677085,28.3183697083,27.2470834429,82.5396913507,70.3082978761,63.8373538574,84.9850929845,45.4084295314,33.3259238106,60.3957282304,63.2164994604,80.4643113129,95.9734173033,102.202681089,70.9899929823,65.123060324,73.1250290234,92.6030641246,97.3547138692,89.0733065943,60.1710055382,65.0743412332,46.5749761847,52.8167075329,84.3414645072,85.9271619974,75.2765886302,92.3502944618,81.550957808,67.4204073154,98.1271140075,94.9786388472,104.397345074,93.0553755089,113.858936967,94.4444913342,71.9254369161,93.2550962491,104.439593569,90.4258561022,102.506926611,97.3312606137,81.8620104518
14:00:00,34.9405690717,81.5268150304,62.656778589,64.0217606792,66.0880028766,38.0842149802,81.8168089933,90.2373080333,70.5744619195,86.5133607862,60.9942008078,39.6795187261,51.4374269867,100.235063514,77.8967663523,97.7541431369,82.7486853564,72.1585948162,61.8533105761,43.3519775196,90.3221248523,85.8245304193,75.1414375068,113.171748211,91.1884928362,50.670824816,32.2893584185,93.4980527933,86.1796522808,75.3069517268,67.9710908248,83.8307760035,50.5517268049,65.3252371937,95.5913441358,96.9324443854,78.8650705757,83.7623608368,82.389808311,53.4808514212,78.3227491326,73.2046520537,83.7366537286,94.4756674389,104.141394359,64.2325347129,98.632387181,112.846150885,117.229741537,80.1566385115,108.131955705,77.4331369821,68.9287128237,27.2686690572,25.4828358135,62.5062825346,48.4447377323,64.9565300053,60.5328538333,45.8983890164,30.5889840203,29.640659526,87.7880989086,71.8851780822,63.5425440666,85.5864976152,49.76306137,34.7732914815,65.271214725,67.3526972943,86.1016746633,109.229814196,107.661142729,75.8934381394,68.0705706537,83.2647171135,98.3022290459,102.089756381,93.4168532403,59.25272436,69.2642996502,52.278232307,61.4044616688,90.7985605271,90.187783374,75.5713491761,90.6386412674,78.257995604,69.5870292687,104.568579169,95.4740566998,106.249893527,105.911478288,116.005755485,87.9988098135,77.2620978111,101.549808854,108.470660515,91.269054094,110.301401542,105.552762612,85.0801861444
14:15:00,36.6379181567,82.1091964874,62.385032952,73.0227590724,64.9727763319,45.4465146638,85.8513259931,95.3959493642,72.0621302111,87.460336337,59.458200784,41.9893219489,58.0031133407,107.177182058,89.238244008,101.439435285,91.0576157864,72.9652643101,64.5780866648,48.8084001629,93.1315117816,93.6647905021,78.9055209411,117.60088365,91.3572978934,55.0943131004,37.6833430027,101.799321289,93.191126048,80.7540583355,72.6439990101,86.2710540946,55.6128460831,77.7234619507,93.8039943708,97.7938723235,79.5657521267,92.0988859606,81.9222347204,56.507797916,84.1224606067,83.4868108706,81.8144100058,102.245430847,103.633741729,68.9325083462,99.1803221925,114.844274334,116.783784053,83.3460230787,117.299156357,73.7321925858,72.9522125187,30.2914356988,26.793529616,66.3154636044,49.9729346245,62.6844366447,56.2166230626,44.594507023,33.2809560786,31.3659178611,90.8046382343,78.1916082994,63.386118937,88.6252980494,51.1360197058,39.2855333807,72.7665706746,73.9357164694,90.615489985,119.917534308,112.725104259,80.7326096683,74.7174831389,93.0897392117,100.986335095,103.794168103,96.0961801679,62.4336661286,73.8383106992,57.063220474,70.2874824925,102.083798457,94.047792923,77.2426971683,92.4680693608,77.5679759632,72.2670547867,110.224230478,106.444340785,109.426155325,116.27515587,114.825414027,90.7991617529,80.4108240389,107.477865231,117.321079961,98.4769844733,115.368233782,111.146569111,86.844266117
14:30:00,39.8466979111,87.0830463256,66.6015420296,78.3198046187,63.8432545612,51.6445848271,95.6541907089,99.4004619043,74.5373575168,92.8077083149,56.4991666352,46.1006115139,65.9567640086,113.319903913,104.293551746,108.723421631,95.599107581,77.5869479349,69.0522991732,53.7414461294,100.661164547,97.5000182534,84.4617396107,120.065186214,98.4011539539,64.2282545475,42.0071708795,106.860568264,101.913519613,85.2483757426,73.8607985215,89.3375066505,60.4067844655,91.1928222581,95.1984521,98.5862003181,76.2505522328,101.94734305,85.2090427157,62.9274889524,94.3427817408,95.6718866303,78.7064247929,110.396834075,105.334786154,75.7383956745,101.283702235,116.747106049,119.253228784,89.5251305008,127.367659798,71.5879415479,72.9626094239,28.5067149977,27.5447176811,70.7266147763,53.4429165496,59.8628379519,50.7714158243,43.186425777,35.1580192447,34.1405160838,95.957968777,89.8554615417,64.5703275196,92.4713341122,50.6080095835,48.0511884029,86.1845114068,78.7213790205,91.679149988,121.607833174,114.007003098,84.4578591688,68.9038935586,99.7240707673,104.774403806,103.462140593,96.6954298928,68.5443036215,81.2531621603,59.5735359662,82.1643267515,115.845144161,100.580705806,80.8393575667,98.1749278654,83.3126453778,79.0518886268,126.941352214,117.228798757,111.419580385,118.384873151,110.987503378,101.795646205,86.677648798,114.889578081,125.739068678,109.724648016,121.127086298,116.365944575,88.4850338432
14:45:00,44.4580664787,89.2610760717,70.896399481,82.6307140208,62.7912711744,58.1793827602,103.145205573,101.915384586,73.0220709085,96.5586885961,57.0669756834,51.6566995638,73.6080054209,118.539388429,119.711876377,114.024189715,95.839185931,83.7859101217,72.5425834196,59.6173916806,108.30326934,101.976872691,90.1083041706,120.129484228,103.77997549,76.6040872857,45.6235096852,103.681584053,104.679734386,88.185292912,73.6423683361,94.9199033,65.9553763487,97.1026608589,93.8945604843,98.0412111279,73.4728794305,105.056974962,93.364906347,69.3846033181,103.890325421,101.149176644,76.4971714987,110.073721386,109.74433988,76.8736803773,109.578622924,120.523282923,126.861202822,90.4956221819,133.034251422,72.0999994579,73.8411217824,25.7062415378,28.78195927,72.9989952856,59.6909354807,57.4781491416,50.2231747119,44.8374352815,36.4219947229,36.9502761072,98.0074735174,97.1213942242,69.5251809913,96.2438495299,54.9876966363,55.6877286811,91.2946109004,85.5940740435,87.7350674123,118.036897708,116.669068141,88.5543189039,69.0349314141,108.112208806,107.81278652,100.499529201,98.606384595,77.5477773586,90.289020415,64.3263331158,99.1585862083,129.562966585,104.76445134,86.4246609949,107.159427183,88.1877984135,80.9988259729,142.1187677,128.2780567,110.871307974,117.92878329,111.510786266,112.340038716,90.5469572086,118.67952964,133.830683515,119.733076549,128.261154494,123.171015249,91.6447405628
15:00:00,46.6697861811,87.2899046009,71.6566149064,84.0336947437,64.2221506591,63.2626960995,108.935791599,103.804332532,71.463482425,101.101072427,59.1131719796,54.0996752139,85.352935991,122.071987129,135.55530122,118.312983813,96.0456608651,96.1505194322,74.2109763759,62.4196208196,114.127683255,102.741976327,95.2199460549,121.228233589,110.151369067,84.2967403485,50.8806852979,99.5410224633,101.995632548,92.4634473221,72.2879903876,98.2330003708,70.4668871978,104.43667598,95.615258485,95.7182868756,73.2850377909,103.282338452,103.086414233,78.6688418959,114.98614105,103.964204964,79.8582739461,107.626268894,112.692642844,75.0850547853,118.133775408,122.64722975,131.32437569,91.0088985246,138.26039703,75.1920988094,72.5437489891,24.6683199077,32.4613782815,76.9386348149,64.6674102915,56.7911095248,53.0550106702,48.3379739852,40.9586652283,40.4999876772,97.7965978822,100.523139679,79.5400354899,98.1194198045,59.8677273305,62.710249543,91.4974203204,90.9954325933,83.8673550219,113.725248479,113.85952209,97.5914027992,67.7079390893,111.750508818,112.699026971,97.3879080922,101.829966669,84.3186206174,97.2197275245,70.6916943227,113.065199122,143.027346358,112.415547228,90.3832229426,106.471921983,96.2639388801,77.0613847553,145.272595831,135.585143188,109.583316588,117.825293141,113.439018665,124.192822423,95.1478367953,121.963145982,138.223843967,123.774005873,135.199461174,126.790018225,92.995569829
15:15:00,47.7634863825,83.2939986451,73.476398944,85.3455262109,66.9586751541,70.7475469608,115.346958655,108.100151694,73.7646622876,99.7052778625,60.4553482085,55.5582284516,94.3716432901,124.075274679,144.462156837,124.512668775,94.8079705501,107.697324185,76.134348175,64.8967341883,115.597724711,103.48820629,96.9547883561,120.536921735,118.612990269,88.1729681979,58.8800042246,98.3543691936,99.0076075101,94.6108906275,66.8122099376,96.6517475909,78.2388297808,111.97324413,104.294364095,99.0943874282,74.7935725241,104.36404035,116.340342299,86.8006989325,126.070627192,105.864142352,88.4670129603,105.257209941,112.521255224,79.3718504745,121.860604987,122.54680548,134.637011268,90.8251155676,146.939059575,76.5879731801,68.3442468745,24.75877162,36.9751800741,80.353572476,68.9408888944,60.1061601294,57.3036852205,50.8036097743,43.8098240301,45.5938883249,96.1538402633,100.351642789,84.8538851706,99.7869213783,66.8653548597,64.2583889537,93.6042690309,94.1789376378,85.689990756,111.119610641,107.388451367,107.029886972,77.4503961402,115.910908684,114.405095849,99.6097930272,107.154329319,88.6358119578,101.74108472,79.3870357554,125.361931336,154.902430934,119.821608491,96.2503369103,104.843912573,99.2359737609,72.1954309588,141.681420106,142.586973392,111.614968773,121.135242981,112.794384016,124.434403031,100.515460665,128.496793901,137.885102498,125.653018685,143.848720157,126.109160098,97.9202240693
15:30:00,49.6812240848,82.8180157345,73.636732419,87.3155983587,69.37932548,73.9615652608,120.828133412,116.227022962,78.9017158679,97.4395781025,62.6847530953,57.9616988364,101.138342908,122.562851488,145.960171353,122.920141822,96.6242314227,117.141833832,79.9676161979,66.9580907893,117.921345612,104.424487053,96.0310620571,120.77456893,117.959756544,88.5060445989,68.9614023768,98.9550650177,98.870787587,94.2287798388,69.6535914726,91.0850939463,80.6349424702,117.617389857,108.635178336,104.209898901,78.5349532583,101.478010584,120.920638004,98.4629848827,129.611900307,110.667749643,92.2841214746,105.916740079,114.186451508,84.5632894506,121.403006142,122.355409563,130.144622053,93.6866323006,158.442407952,77.6271585287,63.4288732908,24.0067783722,39.7928134437,83.1745777505,71.7450986188,68.1455229337,60.8959385436,52.673962564,46.0999339412,48.0362402275,92.3145032886,101.851569081,84.6256532086,98.6963910847,69.8623777567,64.0512857925,97.4316457553,96.4072069582,93.0822425102,111.216212386,101.346898211,109.147741943,67.3739039439,120.364328645,116.504909906,103.871883584,113.707692412,93.6410887047,103.109438183,83.746384937,129.396150448,159.797675055,124.439155697,94.7948505127,106.063055291,104.270932279,73.2340610574,142.078632357,139.550176106,119.858993902,127.268886805,114.72102843,123.759541399,106.389328336,132.110548228,139.333323638,129.627685938,149.716722916,126.434611015,105.810266053
15:45:00,50.838083525,82.818616109,76.4657982687,86.0022487015,67.9452321493,76.737286995,121.134825234,123.408823836,88.3214239623,97.9616906223,64.4819389487,62.1229690249,103.383963853,119.397768608,142.652759214,118.80696263,102.376618819,117.80490946,83.0970014758,70.7195812486,117.111048442,106.783330512,93.2574214286,121.586351965,113.760604807,91.223306921,76.704807217,97.4678123214,102.725086073,97.6964907114,77.626279604,89.1384932415,80.5413040768,119.327649454,116.752274042,104.916432554,85.4585045734,99.0720983803,123.940564207,102.737112337,129.936822474,116.465502966,96.3363065017,110.040634982,115.60199574,88.7448927698,121.683663382,129.112830489,127.918698011,99.6855765781,156.264491906,78.473244454,57.2953923414,24.923978622,40.4333670378,84.6252751684,76.4319890053,71.419099657,63.1511403794,52.7814327214,45.3338097139,50.4435289119,91.2062090588,105.5642985,84.306492438,98.7240230002,75.0098848348,65.2913010313,105.587501155,94.5849830602,98.5433966684,108.772060629,99.0490021261,110.163164285,59.6892715972,125.059871576,119.762194193,109.661293284,118.309617177,97.2045642678,105.098964656,84.3296978797,131.791361385,154.517671594,126.081492426,90.2849375442,106.229181332,108.063896134,76.6195096075,141.834784206,135.567433342,125.9781838,133.365992644,116.774329986,119.994192323,115.478017991,135.640895991,143.317166922,136.649541216,150.613820606,126.854220924,114.216810413
16:00:00,50.2867007705,80.6164285398,85.0183145925,80.8326180365,70.3588747146,76.984117637,118.366276657,124.415385895,95.6671356314,96.0501766923,67.1579518862,62.9315240007,102.562749319,115.317374111,133.222992164,117.604407224,107.69884523,112.723744488,82.9734926438,74.3809146136,117.336644462,110.948274455,95.3803966273,125.06830977,113.664958882,97.2400033356,79.7673414536,98.1071834554,105.968841088,100.935839323,84.237235998,92.2472113883,79.5741084713,117.827779494,119.489867375,104.645801843,89.4436445328,98.638131799,124.672107761,103.778524118,122.148455155,124.012379167,101.082032105,110.231190164,118.308748946,88.8756025877,124.819248935,135.148037624,125.741484999,103.540811653,147.014545281,78.0355034972,52.583821548,26.0084540822,40.8303026164,85.5801337582,82.8633123568,72.1457461512,63.5967833807,50.6104954853,44.8163982183,53.3597594502,97.1275730979,110.328072831,86.0962492755,100.353229032,74.734209394,69.0782240571,111.816494382,94.8025945329,104.408254594,108.111737508,103.115106198,109.998866688,53.8595003092,125.217983062,117.93085395,114.721368485,118.364280021,95.9141746471,107.264964518,86.204160722,130.378768176,140.271663316,121.683610871,87.3990707739,107.316011308,114.768082472,86.3258890507,136.163162564,140.6310749,131.917342487,134.028554922,113.067609899,121.4452278,123.711451147,137.703227766,149.918644607,144.414746229,148.916918552,123.586617746,119.070439671
16:15:00,49.4035448385,79.8948495798,95.4174029522,73.2293497579,72.4322684299,75.1368886703,116.35207975,121.198893044,99.9393520112,92.5602163378,71.0599601282,65.030910698,101.361014794,116.263478857,129.048423519,119.129826376,111.471385509,105.325713416,82.8540753854,76.7026374342,122.545848049,109.736195647,98.6316749526,126.143777345,117.801032978,101.024768172,82.3965133614,102.152126127,108.550218608,104.47566033,87.740863113,95.5695278152,72.2669413706,115.186237645,118.187626412,100.996955119,93.4527820528,99.5237421384,128.506127102,102.268438379,115.476214864,129.132349158,106.307149345,107.009431175,118.643580671,92.4245755198,127.55910826,138.564339351,125.557832851,104.600047623,132.772818106,72.2767192914,51.3433937498,25.9103292222,42.0503478638,83.6630722119,84.0368429656,71.7061189543,61.4580794416,50.0827606517,43.1850268964,58.4418790908,103.964792812,109.85253686,91.5817852621,100.619375088,75.4419150645,73.9292421942,116.688282275,97.9804038453,103.924824312,110.015703907,106.067549257,108.25123327,49.9690480948,121.939365535,115.240406033,119.472868972,116.656622996,93.9487273069,108.964808833,91.7775638426,127.40685208,129.233549794,116.017518368,94.2458478826,108.838903166,116.408916167,91.0882926139,134.607485927,145.598563897,133.664906386,131.126582774,114.165529417,128.431135183,128.063513334,137.631142142,150.585435108,147.320380253,143.775280867,115.141987553,117.868115527
16:30:00,48.9916832052,75.1044187023,107.749555725,70.949851187,71.2596791202,75.6621963045,120.189273271,114.880757401,104.804302975,90.2466362,74.2192281229,65.2016280493,103.339577127,125.543145483,125.060622266,121.991756406,113.177024049,93.5907017678,82.0487500968,77.6834670334,138.013084655,108.067421941,98.4821504492,129.599470149,120.967123542,102.56622909,87.3051483078,106.667221134,102.479702429,104.973109739,85.9170914112,95.7692991746,66.0051715491,115.815922587,117.205484479,96.2772370446,95.5610369845,111.800297099,129.489265148,99.3310250341,114.852607805,129.624625517,111.633445072,104.434003238,114.325862568,99.1097630068,127.01408895,137.168968811,129.829621404,105.129371277,123.590469849,69.0886684757,52.4556986897,25.2628203464,43.4996252317,79.3377417051,81.2237304105,71.1893823019,58.7666736949,49.8988470464,41.4442267539,62.6273161816,109.348919411,105.19118971,94.1574633874,99.8513690094,78.0711466884,78.2050946524,121.139532913,101.4335844,105.524604664,115.040945691,108.19845774,106.518914774,48.38337235,115.888755305,114.058659396,116.893817565,111.24302811,93.6586804175,109.025939628,95.0493761765,126.366558005,125.033903972,112.488000512,106.135725003,107.681192236,111.47565715,90.9900354224,128.385147663,146.065213648,129.374626941,124.472975492,118.497529986,134.379946227,124.08518779,135.351782178,146.927927627,150.934030108,138.504334558,102.857280926,119.965920338
16:45:00,47.0470936701,72.9059762213,109.266459383,69.2928301295,69.0708357504,72.7528594085,122.270736472,108.184604992,104.049514373,88.7438302443,72.5471000618,64.1623535911,103.337223577,129.936478913,120.094310357,120.53908088,109.355774223,78.8471682368,78.1593664032,77.9168458657,157.921083635,103.3898899,95.1393672571,129.934548954,124.359461065,103.803477401,94.4130449371,110.412797019,98.6673391335,104.1340229,85.0641251292,92.3713264882,63.6402850403,113.75725771,114.528122082,94.8000820469,90.9379650731,140.491680106,130.65591061,97.5535772401,114.257710455,127.023722503,120.068407445,104.544689225,105.787804952,103.799965449,127.176822078,137.640480437,129.903064794,106.194774162,117.973023766,67.809689106,54.1155386115,24.8784853152,44.4835614437,71.7416489893,75.6214383393,70.272462521,56.63805239,48.5938521915,40.2284750039,63.9697408886,104.981418482,101.692456786,94.0540761173,95.139368463,78.6762189793,80.4080362535,126.730349823,100.516501911,109.789445863,117.713040911,105.664859571,101.8980954,47.5298342817,115.852157608,112.27261093,115.016499137,104.866631383,95.4970375356,104.346181266,96.4639389732,127.935126695,126.836199203,112.464806162,105.887462503,101.048407518,103.639733018,89.9378473736,131.498569286,140.429209679,127.870442828,119.62746682,122.16199422,139.857422316,121.200431083,137.53000665,147.385641146,150.182522107,132.868944897,97.7854733419,118.983705406
17:00:00,45.582387622,69.7515250458,103.720688948,67.657292017,65.5761090454,69.2773042425,118.61080207,102.072547043,97.853906106,87.1929200362,69.5164638907,64.228508761,99.5135871503,129.137293103,116.86296521,115.137170557,104.19360131,69.2421679797,72.6902737365,78.6292823189,170.426405034,97.0166921998,93.8465686174,126.449234232,121.240028957,105.54314624,103.029705278,108.814740054,103.063770443,103.718015685,85.6459856808,89.3618124285,64.0134247792,109.418821228,111.729250765,92.3244504625,89.6310480949,165.021180383,130.061921904,96.8613380854,113.96638368,127.614903344,121.352634478,106.513265533,100.809892998,107.144457234,130.011760818,138.319491045,129.46513435,114.603505267,113.245063414,67.6007822869,55.606318379,25.044241296,45.3083327605,65.3368174061,69.9799695787,64.2535213346,54.6543543864,48.9051795163,39.2837953512,63.2681910149,97.8659167878,100.322384071,95.1874891425,89.8707930961,75.1691532734,78.6301325141,124.741770707,99.7163532882,110.251988799,112.475676239,96.226867191,98.4471298026,45.0690503964,118.838067073,107.65193873,114.085563434,97.7845126108,94.5994413825,99.7714788545,98.3668411293,130.056682888,129.736100898,112.341683156,106.048370744,94.7836935392,99.6212570653,89.8583875201,135.179876985,134.958310213,127.227038838,119.203839517,120.26224476,138.669432383,114.662824202,136.127109976,140.542239396,150.124622346,127.625308043,97.2649784225,116.609481358
17:15:00,44.5159891093,68.2811156423,98.3319006799,64.8565820221,62.3441982292,64.5982382495,110.682329832,95.1374847966,90.2973693309,81.2473666522,65.5060074318,61.3908078148,91.3538536979,122.966444188,111.891443531,107.073234433,95.1649221393,67.2284196802,68.827088722,79.2135930489,167.843441628,87.4811417214,91.5682632571,118.574648548,114.151888495,104.98491394,109.638541486,104.473342478,106.284959815,101.216658164,85.9984442219,87.9843066917,66.6851636205,103.694675937,115.326337909,91.0091385346,89.81183768,177.828726944,124.451336223,96.0723961785,113.738067439,127.635986264,115.089909297,106.422130107,99.5970019782,104.192581851,125.129714186,136.265656573,126.39667181,118.773265259,106.785124815,70.0035709114,55.9803656334,24.2900348257,45.3129925553,59.1019723186,61.8064502769,57.885795424,53.1216137637,50.3825280668,37.8992614933,63.3822225866,91.0432041291,96.6621039753,95.3654159193,85.15432563,70.1095329486,76.147376444,118.994133621,96.487331623,110.865982633,102.346456523,90.3148739027,92.4281818333,41.6019686374,118.150663113,101.421099035,112.312661927,90.5204888266,87.1074596087,93.4554149655,100.175793595,130.80509793,131.15687606,109.582767006,101.390835081,88.6333797892,96.8608765521,88.8026201675,133.664058376,125.061854121,125.778214106,116.560942704,113.577615807,132.90700073,107.32508597,134.044373273,134.210103813,143.454052707,121.791730357,97.0632631072,108.563848009
17:30:00,44.6015469368,67.6317483857,84.8783729375,58.3894612835,57.7915844349,61.5237603873,102.736575389,87.8272254078,81.7519829916,70.1747910968,65.861490726,55.182947486,79.3160347709,112.970202093,99.9786716069,93.3601403904,83.3569509244,66.7743060624,66.3748805122,77.8040300745,155.633776126,81.2831669439,89.5758226685,106.843446003,109.15804304,102.242166352,108.66355516,102.359416418,102.819329816,94.6854890356,83.1653005463,88.7587341167,67.1892248604,98.6412421762,112.378349367,90.3640415812,86.3897892688,175.311888036,114.444346956,92.2821639569,113.399434326,122.094982796,108.178746069,101.327149825,102.734221171,97.7047683184,120.117969562,129.899650873,123.648250215,115.914744268,97.4816171666,69.3581132982,57.0773712578,21.0573298491,43.21992868,53.3422042774,50.6480674246,51.4154788012,49.0371558283,50.7652378569,36.7963564251,66.6350095995,87.8222367306,91.6479807696,92.0205916191,80.3570625942,63.7186348361,74.9754960245,113.824235209,92.850923429,109.08119893,93.3916341348,85.9055386255,83.2091557397,41.591436155,111.417990994,95.5006706215,107.738319222,82.0293518403,75.9637770994,88.0086144638,98.5748250619,126.140877394,133.049589896,104.968826912,92.59049938,80.7764086805,93.5567246075,85.1047345812,128.826347102,112.232559845,125.40369009,108.64994647,102.362952045,123.322286892,102.714286803,129.928857706,127.117137047,130.61529038,117.135902117,92.4178374902,103.348442458
17:45:00,43.5607316904,66.3781923664,70.474582722,54.0415268957,51.6463523371,57.665493115,97.6601347082,80.3146064388,73.9950873704,60.7480810701,60.9166589506,46.3570088784,73.1504345244,102.761948366,90.1406886613,82.8642874441,73.5270575985,65.3913704899,63.4845408158,76.1076593162,145.572107981,75.960412904,82.0040918299,94.638983601,102.017718966,91.4584614513,105.251664923,98.4970890485,96.5853833871,89.7467306735,78.1934660043,86.2364061593,61.6890045539,94.9255884085,109.291575171,85.8807778512,84.6506829418,166.210778016,103.758475043,78.4412615011,107.301022062,112.727931947,103.337840368,97.4399313537,103.612635898,90.0562819545,112.304385957,123.110834648,121.377098982,109.692101908,90.6527000366,67.9973259435,54.7762948684,19.2075206597,43.1255438763,50.158659196,42.439107459,49.3171746301,41.1550783598,49.0275927665,34.898040155,68.5852808768,89.4255625586,86.8921707726,87.8549195746,70.5374492579,57.9986698699,64.835466349,109.580604871,91.8539519742,106.61544399,88.9845483998,78.3457724735,77.3015921027,40.296362825,105.966769759,88.9690341949,101.777736066,78.2249158092,67.8961595227,81.1308722827,87.8963770312,124.414330992,127.051555494,96.1150980638,83.5413373455,76.1249630465,94.1851812562,81.4936796913,127.213860059,109.839437587,126.426760037,97.3001354924,91.7178665412,112.853448944,99.70732518,122.338877892,121.571034115,119.144707141,117.842052885,86.4396854513,100.337205786
18:00:00,41.9121200827,65.8317199036,62.4782611594,52.8194533864,44.053417741,49.5875381167,96.8664529786,75.1180146366,67.3000567662,51.3905420783,55.2822758307,33.2991781241,71.9752875715,94.0146603718,81.4361907046,75.7317938289,67.7187102461,59.0425442019,49.5572003167,74.2234865455,136.165584395,72.4841907507,73.8362703824,81.6577263393,90.1740565676,68.2930245055,103.222679084,96.1916547037,87.8629638361,88.6516273783,69.7992508533,77.451166042,45.9694490356,91.932298746,103.715606622,80.3228824315,83.100720242,152.641735174,93.2225475113,50.9359809779,100.994499711,99.0809071306,98.9283956279,92.3177817057,100.154889137,82.2128514403,88.7808832554,113.989266857,122.443947103,103.940009257,84.6532986591,63.5378987468,56.801353566,18.4873418528,42.6863835258,48.9680744332,35.817721968,51.2345284722,36.1551674806,46.6134009621,31.5345598412,67.5217460422,87.4312561181,80.710868764,83.5291198804,62.0398057019,55.5145793121,41.4972704621,100.963301588,90.8413936685,101.024126253,85.7152703738,71.1714093096,68.7987200238,37.7927862129,102.28773646,77.9032292184,98.3694747652,76.96229121,61.7048183476,72.5047544278,67.3232408803,123.694013648,114.700906147,90.6991618274,78.956323922,72.0384083598,86.109177308,64.4889352658,121.721019936,104.786377857,128.363337015,87.0409015096,82.0160682721,97.794071178,97.7525259713,113.975033038,111.645215946,107.348094004,117.82260799,81.4041158901,96.2071941553
18:15:00,39.0528254454,64.5472185835,59.2979739315,51.6468614917,39.8649917773,40.5230108467,92.4487059731,68.1266238702,59.9500907375,45.0293174877,49.7357871902,19.6816235982,70.6079594767,88.8774187425,72.6424964246,72.3802028912,60.921261755,52.9080174576,27.0249080674,70.0351989017,122.777136607,77.9049858252,64.0473743076,70.318172014,79.0347582067,31.4881578814,103.893076101,91.7542296229,79.7611476963,86.1579621043,58.312033342,62.9640446684,24.4374955321,89.1947804833,94.7168846783,78.692334706,78.9447368284,136.299541763,84.1484413013,27.270091552,95.4294922158,89.2441178664,92.6359345505,84.6381451879,89.0583520698,79.0276415481,48.0306094264,102.403337162,118.955325603,103.108933581,80.532938195,57.6018697207,59.3241747146,18.2284867044,39.3079052571,48.8698689558,32.5438476215,52.1768366291,32.4070525937,42.911285077,24.240082332,66.562552966,86.5662667969,73.6359279782,75.9940734818,58.1335534912,50.8339646845,21.0599587102,89.5111746009,89.4503209733,88.6317661798,80.2047743126,65.22673805,63.1905843991,31.5640182343,98.9380886334,70.4422267651,95.8966254938,77.6467569011,56.3976459979,63.5510823395,38.2454539243,119.219818303,99.4326641642,86.1684034409,76.465759363,69.6261840001,82.3212810604,39.6226216903,110.814529306,98.2983959904,119.875814017,89.8013652757,70.1955331329,84.7308400002,94.8835636884,104.860166563,100.271035236,99.241827703,111.305886989,76.7070668035,90.9610521597
18:30:00,36.5557209447,61.4161361853,56.3857644016,49.8084651752,35.8264500949,36.5299505259,82.7671635071,64.9935787356,55.6282753101,41.8104665078,48.4900871917,12.5781574279,69.9152406611,81.4699833664,65.6645430996,65.7634703196,52.6866445207,50.0828921123,15.2053124869,62.9795104329,102.438527065,86.3049019672,55.9398788222,63.723365742,71.6594131101,13.2001149342,102.133976268,87.1126206375,77.6630838292,81.720263049,52.462690013,52.4337408583,13.5611831988,86.381843423,85.9306370517,79.3453491959,71.1861278765,109.59550969,73.4029383311,15.075400432,89.5666250978,81.1459594129,84.28918858,80.4429026954,76.7106176024,74.9281141691,22.9749459294,96.2429015092,112.129871299,103.769323626,82.0345464871,54.7354793845,64.913678546,14.7879647849,35.0227996477,47.0273128639,30.7419771534,52.6843384576,29.9700281412,38.0830658203,15.4796547931,65.782357434,90.6950317469,66.7774641218,69.1424215637,54.0085027868,51.4952688851,12.628040516,78.8364699727,87.6350190129,75.7146317263,73.643493725,57.0132289914,56.369790077,25.5077983791,97.8995508947,66.9185394712,90.0033288948,81.7590093207,51.5728982018,56.6811686027,19.4065717177,110.843610606,87.2800395572,80.5718844879,71.7872960779,59.9209126274,73.5957061948,23.4489888184,103.519050868,94.0277516102,110.899910008,103.428844525,57.1621004741,78.6622994594,91.6290608998,95.0670558162,91.0894127911,94.1460969636,106.874993462,70.9362444083,80.1870360806
18:45:00,33.888028856,54.2354833212,54.5977280695,43.2952554169,32.9531847878,36.6203746817,73.28468345,67.1187760882,50.1175150348,37.8214133728,46.2864956175,11.6993445438,67.5480025928,72.1572766468,61.1222751588,58.0751460205,46.7242674284,47.846235106,11.3662458594,54.4227373839,82.6272450063,89.956071366,48.7215105278,56.3400086124,67.0380940916,8.6088332566,95.0303476754,80.6861753331,81.4296257039,72.4771342012,48.3580307243,45.5908640944,10.9335601268,80.7727364013,75.558322099,81.2534710107,64.9388149044,84.3418673369,61.5559379165,13.4435317225,83.5075394459,74.2265912954,76.4450200596,76.4976447475,67.3825745022,74.2864480987,16.4740553704,90.591141524,103.275569805,102.27376098,85.8351749879,50.2812288159,65.490435863,12.0658122556,29.2479467608,44.8639383466,29.4489080545,52.9436000565,28.0892833774,30.4679937474,11.2381597262,62.1307093002,90.5494545257,63.9737369446,62.8786583471,50.5873567673,49.3690054429,11.1861078812,71.5290845657,84.4491309649,65.2854584882,66.8123134943,50.5788763307,49.8477731082,18.3938296683,93.2776705929,62.7802264427,82.5404746242,85.4862311052,46.0335386923,51.2041611233,13.0592419665,97.9776195939,83.4109140108,75.6218596702,65.7070677498,54.7028489012,66.0641042718,17.2770431232,99.2301887117,93.0299123578,107.619715915,108.167926441,51.4305433801,79.1253136047,84.7505127976,88.9481450152,87.1991989432,88.8974351052,100.501257008,69.2652213147,73.5512978806
19:00:00,27.4055295656,45.9699982327,54.0184316321,34.4812928465,30.6076877605,38.7463997899,63.9297966568,65.9149553123,45.9441638419,35.5286493014,44.8861578663,13.5994350211,65.3266354174,64.3642542543,58.3065508323,49.981839261,45.3702503221,49.3113291543,12.364915495,47.7721751338,69.943725537,88.5208222764,43.7202383814,49.1880702302,62.8420477445,8.49402057286,87.3992058783,72.6690000202,85.5954591308,62.1266534517,49.1794853082,39.2985421429,11.0253080098,72.8830214081,69.9401240731,80.6975468675,62.9444636776,69.1598237066,52.3714627105,13.3153086643,80.2206261538,65.6342542138,75.0819141729,72.6821564725,61.9238763319,69.6185937941,17.438208497,86.0454358118,93.4406641344,97.4361799785,86.542782176,44.1106603234,63.1476603761,10.3861357083,21.3546273639,41.7486518646,28.2174835089,51.7725106091,26.0699512745,22.2391877728,10.5411700469,56.9924435506,87.4713751976,63.508077953,56.8224349255,46.7758130377,47.3351501164,10.462671776,70.5059752964,77.6762619812,58.9277186088,61.2051310536,45.9452162821,46.3963893888,13.9762183648,85.3788932876,59.638267843,79.3522945479,89.4975862493,43.4367347982,47.0668706019,12.6429689412,86.3468530965,80.4330900948,77.8868147137,57.4366159064,55.9104222266,60.6667144625,15.517813441,94.3054451879,88.3048426544,104.419502651,103.405509155,53.1914339877,80.3321475661,75.7512927739,88.7217667473,85.5204184432,84.0401815203,98.4060203021,68.9950813157,68.3459173609
19:15:00,17.6879457476,37.113452519,51.5369856475,27.1501272596,28.2460813419,41.619392963,56.0616670827,64.5573036162,45.3995455927,33.7558387668,45.4772281022,13.4339898471,63.9755240949,57.2013185659,56.2636780326,47.9998672671,45.5121781891,51.8989867607,14.3260369853,45.5896442941,61.7339137509,83.749340221,42.8210102848,42.6075029759,54.6663324789,10.417718094,81.9968710812,65.8828503432,89.8360185126,55.4126302888,49.3924221484,37.2381745811,12.4399882878,69.6827876307,68.2995830289,77.4514814626,64.0671101528,53.9868531275,50.5016595336,14.7444910532,73.6591972236,60.0640062771,75.2883159843,69.880933504,58.4190276492,62.8676055152,17.8295653157,80.0208799301,89.1222576939,95.5229929977,87.0949765543,41.5328585841,60.99769407,9.94141722367,14.2182287031,39.3224831858,27.702730592,50.1017591859,25.0385980501,14.6337793163,11.9379392181,51.4909765707,81.7037247751,63.7163447644,52.8360856986,42.3048556686,45.5356677787,9.81402740807,69.6259299495,72.201755284,53.653967255,60.6912168475,45.9760323984,47.091948599,13.2214113951,77.9543233526,55.5431909504,75.2020712836,91.4897765375,45.372576464,47.8077854925,15.4787729791,75.7210797541,82.1325423577,82.6915160039,52.7733465758,58.0763642061,60.2155673945,16.0282423616,86.641945225,84.7926822056,98.444109301,94.192637922,53.774257673,78.2444392641,66.6337486261,90.7099635693,82.5746981552,82.3238053909,97.8081120063,68.8964655753,68.7603785615
19:30:00,10.5039409446,32.219621314,46.0056374093,24.1227227591,26.1091123396,38.4579217333,53.1798653692,68.391097583,46.886656464,32.269347639,43.4755447564,13.1596999669,63.5657827504,55.0503634497,53.4268630076,50.6818687427,45.2971353727,52.4073621204,14.6444949316,44.8926152085,59.4563036679,74.3501661698,40.4682973767,40.5621187692,48.4219112158,10.9539258854,78.7812517316,59.8114819061,82.6358199904,52.8255672972,49.1032390124,40.494076701,13.7305463813,66.3760814403,67.9799908755,73.894085757,65.2818629317,40.4407825152,47.8557497848,15.1542213563,67.3353123496,56.9423971667,73.9888422125,63.6141585303,59.1047803484,52.7393499335,16.7338688391,79.8416978132,87.93612562,95.9282524567,87.3438022735,41.6355876278,59.8575581772,10.1518674656,10.0048832966,37.7291583484,26.1247093611,45.3170136394,25.9818873722,10.4105242524,12.8953806091,48.7648376451,72.5466838755,63.9182390901,51.1370752148,37.3538426549,41.4422230699,9.67112643296,65.7357857176,65.5584301327,48.621322376,62.7295792135,49.6446756682,48.2179816412,13.1434189558,71.9972785864,51.268987357,70.1484983535,92.1643312556,44.5576840378,46.8316530449,17.6017365353,71.176362014,85.429065158,85.5871004993,54.6414339729,57.9125619887,60.1892647706,15.6296455928,79.5259233755,80.8238854083,93.9993696438,86.7693396812,52.1256318369,78.1595314873,63.8976426033,89.7912445431,77.8428280572,82.4174128585,97.1143201768,65.7498526261,72.2923308007
19:45:00,8.24628720435,29.6153747134,39.2026629165,23.9197889288,25.9453648777,35.2417677074,52.6606279923,73.647006564,48.0094014477,31.323864255,41.3424900557,11.8652766314,64.2174773191,55.8906456422,49.7019559403,52.5807478575,43.8478498376,47.8366359071,14.0630999646,45.5192696323,55.1015618061,61.5331606504,41.4645502262,39.8007235783,42.6870819185,11.8412078244,73.7165141148,54.1729496263,72.80734268,54.0307064845,49.6334893707,43.6742146318,14.569951135,62.8013739469,61.7254734637,67.5012077866,59.4296103101,34.16573253,43.3396357963,14.478659934,63.442636779,57.56796401,69.5314776074,61.6401472316,57.3798310251,44.2044826901,13.5777314487,80.790353535,89.2535276616,99.0000247791,84.9513503756,42.4408943165,58.54888579,10.5548626509,8.44426625622,38.4674370194,24.2980186895,38.6004234502,25.8092868092,9.0606198228,13.0045291528,48.9706029169,63.8929835659,64.0007731122,54.2706966254,33.4924206547,37.4551450728,10.8368656902,58.4305198936,60.8755952191,47.6789674109,63.3967927938,51.9724322835,47.8741222199,12.3134284534,70.5924300822,48.5032667542,65.8461267122,95.2432266146,42.96352494,43.9276495243,20.0893961068,68.3466028157,92.9773681392,82.7416731502,56.4183591615,51.9781743116,55.6352735041,13.0868541192,74.9597237418,77.1435422479,88.502898858,80.9903655305,49.6436585345,76.8858884961,68.7752397028,87.4241915918,73.6562018165,86.3424992826,97.1152088572,62.5427898497,72.9186662738
20:00:00,8.2998746854,29.1883401846,30.8950633492,22.8165898341,27.2851984006,31.0348690255,53.5204606895,67.7735047441,48.5983726077,28.6353816731,42.5883567142,10.320031158,62.9191082354,61.6006949804,44.1410809983,56.8856712962,41.6927788034,42.3722645535,14.035672852,41.522558904,49.7477473474,53.8078518514,47.675624649,33.947885833,39.1963201189,10.9102760174,65.2043210527,49.0623446091,67.8914257162,53.0421552634,50.0982486687,44.398401101,13.1700786313,62.0449733797,58.3201748935,61.9605240733,54.7875147204,33.9242588021,40.1477203306,12.3435244345,63.5042110599,61.3544496009,62.2865224937,62.4888982278,54.4333155781,38.754959559,12.3200278472,84.4659155428,86.5734723278,99.229871475,82.8921073559,42.6996502564,56.1781936462,10.3840440648,9.25628610061,39.577762169,24.7878387285,32.5001108198,25.4664891847,9.25421476437,12.0656585637,50.7351732391,60.5419871624,64.014480833,54.5080926519,31.5825510159,35.0903167306,10.7718891532,53.8335383358,62.1656989693,51.4334410469,63.3102738038,54.6912370998,47.7240407572,11.0157893831,68.8298917606,44.3956641192,61.6525106075,94.1197763143,41.446198515,41.221645106,18.8158151201,70.5129810705,96.5740306286,77.1491379085,58.1987352593,47.0072359341,51.2225309677,11.9054077399,71.8938436754,74.8489718934,81.3735728345,71.1717872046,47.4751761467,72.9129115761,78.7035197152,85.4848975527,74.660556986,91.2857343056,92.3727017379,58.7631193758,72.0316155746
20:15:00,9.55701913757,29.5953957688,28.4445140543,23.2488116829,27.7682425977,24.4176284128,53.454613214,58.9250531805,48.4653591121,25.2721644423,40.0384573342,9.56272160082,62.2242212953,64.277750017,42.3924504684,61.6243100281,41.6646798144,40.5264326785,13.8898344318,37.9168950975,46.2697958621,52.6174466599,52.0382760082,31.0267268067,38.3099375115,10.3094269219,54.2133071376,50.2288587073,65.8142228739,51.8126080782,48.3456136108,44.9380195726,12.6029026826,65.590440074,59.0972923377,57.9572955656,52.7735179748,36.1474519018,36.7951345577,11.4172126377,66.1578021823,66.5796687136,55.5613219816,63.4101156752,52.6947078562,37.4737709338,11.7641698405,86.886745214,86.8879128043,101.109304496,76.2378589583,42.2809384209,50.7542269037,9.76332769086,11.272318836,40.1657027285,27.5633122503,28.3633510497,26.2806137039,9.54021816841,11.869984251,52.7442436311,63.5070908494,64.0083500305,51.5790127652,33.5013537775,36.9533308406,9.26310941532,53.2072071148,69.6899993716,59.1333471494,62.2938528711,55.5881604058,47.6831632352,10.9079943328,66.614917378,43.0892809208,59.2329508628,85.7008408255,40.9347542276,36.9842109166,17.4762647878,74.2634700583,100.060895675,70.3200524253,57.2404570609,43.7774329927,46.3494275255,11.4171380157,67.3593330441,74.7504090178,79.0244697481,61.6489453773,47.4797059858,68.9582250208,83.5689830258,87.0010720794,80.1892274853,97.748789005,93.2183047949,54.8131036348,75.1860767497
20:30:00,10.3102869399,31.1167391376,31.4225636806,24.0189610149,26.4637303571,17.9007105435,51.1174139396,55.709103442,48.2254049141,25.0317137647,37.3413910902,9.9920436983,60.8481458243,68.8176593435,45.8221146413,63.0529924302,43.2107528085,40.0667957938,14.8818598385,34.6715724786,48.0471482252,53.7894482609,60.1380103689,33.1645961066,37.9956055535,8.36640496057,47.3034648566,55.2969945553,66.7190364956,50.2104488458,46.0271835638,44.7676513085,11.6002398387,70.8313876058,62.749673182,58.2557350657,55.2305324444,39.417884795,33.5015689863,11.6810734548,69.0327550166,70.8125369201,54.0901761935,64.6757072748,51.7268505515,39.9339880903,12.0735135396,91.1393728403,96.0418576213,106.670092846,68.2761762151,41.6545412706,39.9293434282,10.0485413831,12.8111682673,38.1813032915,29.0179045702,26.5371978015,26.6458012025,9.9591095975,12.0774044965,52.2131626339,72.7177164863,64.0024068165,46.1970211325,37.9608469464,39.4691467389,10.5536607634,56.1468156302,79.3783564752,61.1604074901,61.5508130157,55.0677982905,46.2188341215,11.6159571244,64.1929771691,43.9358903897,62.9477270866,72.6537279904,43.4658445124,33.0426278708,16.1343860825,77.160080918,98.1317450697,69.466698535,54.4039488424,41.0519797554,43.9692916061,11.1430610275,64.5995543651,75.9601445076,79.1215221045,60.4136063131,48.5664170704,65.9136299719,85.8510905891,88.03062972,86.2544332626,107.661865847,99.2381205283,51.5687663055,77.8737166961
20:45:00,9.73820619622,32.8417764248,32.5117327684,27.4319210039,22.9044093712,15.1595232659,50.2539648123,50.8830007366,45.5628357423,29.1672019584,34.0688424877,10.8812499871,61.0577685569,63.5607715177,51.0112228705,58.1794268231,46.4488380943,35.7081440542,14.4883553427,31.9220951184,47.9196535878,53.916466519,61.4837817798,36.4353897263,33.6011206786,6.7901007123,44.6081724213,57.433537373,69.1207231761,48.4788453272,44.103330673,39.4858384253,11.6881012841,75.9805494032,67.7755801369,61.7054642445,58.4544345511,40.0232266443,28.8964450096,12.2820305212,75.4428100684,76.4626323653,59.4847412888,63.7373493772,51.7031706443,38.7611404366,11.8830753749,100.536838286,106.104489701,113.725396532,61.8189122416,38.7283644243,23.8474472778,11.0688576138,13.6470005277,33.2432029944,26.4184565026,24.6420026378,24.3949651083,9.47093227738,12.6078490797,50.8687915266,79.0891042336,63.9999772417,43.9176563905,40.6703409746,37.1560620804,14.3604586535,61.8332390514,81.7806315866,63.6296495415,61.6967315154,52.3584260312,42.4320714136,12.9496029145,64.5797066129,48.1087039147,70.6912171619,62.244064,43.2066133491,29.2557550501,15.9012904012,78.237884672,95.3585692553,69.1612532214,56.0687207582,40.0392245048,40.3365965874,11.769916825,64.1392040669,74.0896512134,83.2817229129,64.1596455218,48.6850664475,66.754477529,88.8913373083,90.6293408637,94.4899392948,119.457589287,105.581641849,50.2799237971,77.2140488115
21:00:00,8.39873113076,33.6264354894,33.5494144966,29.7546527937,17.6955666187,14.0680533418,50.3745398992,47.7858833885,43.7111674973,30.8683738118,29.1097138525,11.5195056074,63.4236845793,61.2121164106,56.8966952269,51.9053366673,49.0752703638,28.0316760269,14.4222075379,32.4608221304,50.6328646506,52.0122147774,63.3085235517,36.5838114466,24.4830682138,6.55659483482,43.6538783304,57.2112832699,72.0960665188,46.4400675917,41.480059956,31.1558204228,11.1920185261,79.5878836824,69.1739295486,64.6446346414,58.2800358276,39.4153770221,22.6060460484,13.0048605628,74.6361978101,84.3144593542,69.17632104,64.6953037833,51.3433940115,36.7127812006,11.6808446975,104.113435733,117.061276721,118.748189873,63.1255677235,36.1012309594,14.7937556544,12.556366089,11.9316452153,24.6074343906,20.9959997218,21.2237215178,20.0694164441,9.1175102388,11.2264387872,48.0116663202,82.1010612792,63.9995737241,41.9024149107,43.4174524209,29.5940810423,15.2930970153,63.1537212877,80.6899730617,68.3352857964,60.2455596164,50.5527223244,34.9862248659,13.4869426106,66.4047868505,52.9091521056,74.4623447985,56.4300190645,41.3925156924,23.3971957945,15.6193169762,78.2117905068,94.0498685344,67.0424963984,57.8063852778,39.8435560127,31.767232635,11.6983234028,69.3038698485,74.830112971,82.8790209739,68.7537258871,46.6525770233,68.6288588482,92.3290369085,86.7917164599,102.020644034,124.244852088,108.92212061,51.0588599076,76.579153101
21:15:00,7.37340357519,34.6430913406,33.3495365076,30.3902755207,13.6336703355,14.1812410007,50.4814836424,45.9908882483,44.7782445953,32.9905701967,21.2152225343,11.433475725,64.4009518639,63.3551808574,60.3930060404,48.773591777,49.8887081203,22.2023021708,13.4195923322,33.2359223916,53.0930269383,53.2574733409,65.8776054356,36.4837855952,14.7957921286,7.06176656129,46.7506862398,56.3359536091,76.4804037751,44.9586950538,40.8567150847,24.8691599501,11.0613205035,84.2422498537,70.3924774898,66.0004693068,55.6332787046,38.9997822121,16.4637655041,13.0702792635,72.9755285773,90.227257461,77.6267366419,68.1751335398,47.9609052413,35.0241827364,12.1886601089,105.829782795,120.68870696,122.760654123,70.8178188626,32.9152351049,11.358591204,12.1054412872,10.5229308733,15.0436240446,15.1446528969,17.5443051252,15.4205360163,8.99880295773,10.4825962463,45.2047399724,79.0551863438,63.999754198,39.4774802839,44.6491158955,20.0510836409,15.2402524709,63.3290281459,80.3382660829,73.8122296643,57.3177855343,50.0265138044,23.6805014053,13.9067812913,65.1384857966,57.4212577424,76.8775993824,52.6816353939,40.8457797986,16.7290433435,16.3282242371,79.3209382649,89.7970046992,68.426701537,63.051113354,39.4909140415,19.9038967397,11.7890651055,77.1407312743,79.6934111891,82.7239192619,69.7432192493,45.9157388091,71.1759100274,96.0208284979,81.2535857304,108.991567343,124.217368439,112.769524968,49.4580108407,76.9130119473
21:30:00,6.94630309972,35.8112480089,31.6271974505,27.2326027337,12.1240555203,12.9179197889,50.8280606857,49.4993853901,43.4495764578,32.6523843615,16.9171581783,11.110814291,65.5972592246,63.1492188723,58.6212391872,43.5163886318,47.5372691395,19.3215808911,13.372270558,34.2739205181,56.940656675,54.8085929597,66.8393500795,37.8416136069,9.72749996519,8.58830545519,50.9009431448,56.0907032143,80.9169391583,44.0191719452,39.9725198189,21.4057788105,11.861299103,83.356739962,74.531120936,67.4109220081,52.8800339573,37.3511344541,13.0909046812,13.6892811811,71.5510170853,99.4313475516,80.945167209,69.4117941269,44.1823008989,33.5050549973,12.7666708154,107.419625615,124.640715254,127.288590791,71.2662064143,30.1100091709,10.544765264,10.197725509,10.4153956139,10.1065297395,11.2665352532,14.4182611083,12.0608717432,8.97974943256,10.4728665098,41.9876328008,73.0509555899,63.9999291499,38.164206279,43.9773611663,14.6067878077,13.5044076123,63.272482857,81.5774497096,75.9248229617,52.5427782519,50.0501824562,14.3416582272,13.9140388137,63.4414976653,62.9107393943,79.6287807026,51.6089170695,43.6036025394,11.7189993476,15.8291366614,79.3808867753,84.0916024731,72.5451493118,69.6243053845,38.3201263279,12.8548206221,11.5062794724,82.0892282124,82.5312013342,85.8688788036,65.1680456743,46.6161877699,72.7770494683,95.165277368,79.1673449774,111.506441016,123.079148352,118.789581862,48.9120929853,78.0013015305
21:45:00,6.65470212416,35.7642268433,27.3984229595,23.3948969402,11.3047165006,11.3344412509,50.7045683881,52.3309683911,42.8541833156,30.9912691611,16.316865361,12.1722238061,63.8183917475,63.0431227546,53.9164664625,41.3187401574,46.8916549567,18.0864662513,13.3328183835,35.1294963428,55.6302162076,55.3069777023,68.0868692596,39.3960257262,8.87481500839,9.29536795744,51.6056235608,55.0867796907,83.0880693321,45.6885523895,38.8532677489,15.8072789074,12.0346052044,79.8599463454,73.9048018829,68.5130078995,49.119614952,35.0445615635,12.1812338764,13.9323023466,71.5018208947,108.70253557,85.9873185725,67.2899739451,40.7123670671,31.9167424638,12.3977058054,106.957144748,127.19382252,124.33649314,67.2056334084,28.7947152575,10.6379067634,9.10397848055,9.557715803,9.26366116952,9.4744602222,11.5714868647,10.7618995102,8.92768274622,10.328602138,39.490485178,65.0774724923,64.00000067,38.5289860975,41.7159862105,11.2387441928,10.9075400894,61.2393523604,82.582930835,74.9129481767,50.9143356833,47.8410826565,11.4354497165,13.4000724525,61.6975450776,65.8008001455,80.6524897831,50.4585973847,44.011621189,9.37667877063,15.2667302522,77.5653183374,78.8312771812,73.775717323,71.2451350586,36.6881925257,10.9204425236,10.7359738313,84.3073379819,83.8083164949,85.918522102,61.5816867296,47.0640822521,75.4618755179,86.9192918143,79.1782190422,109.68586216,122.099464961,125.108968291,47.9398010484,77.8036741366
22:00:00,6.1432668689,35.5128531751,24.4248437673,21.5252151803,11.0655365631,10.6513173535,51.745182737,53.5064600482,41.2219324838,29.8399087274,15.6813723022,12.0167781894,62.6756160698,63.187347059,51.3712812873,40.332882016,47.7480288281,16.5507505324,13.6092708605,34.8094886621,56.7348545335,55.7768457177,69.8345745937,38.2025249837,10.3793606127,10.1654995986,50.5638157138,53.7540242149,80.842312643,47.9955466203,35.5797128269,12.3037045229,12.3012914815,75.9669814176,69.7662204545,68.1218981186,45.6912671398,31.9529224479,13.2467140234,15.4912164289,74.8650633955,115.953932357,89.7185621453,61.8707731415,37.8912880307,33.0104796219,10.5312524364,103.67726952,125.343119164,117.33167285,62.8385900462,27.8584971234,10.8341141036,8.69950890979,9.06777657866,9.7694685497,9.34817072909,9.89335757572,10.1733517164,8.75043711652,10.2354226717,36.8681718749,58.0219293462,64.0000125485,40.8098003827,38.2240666727,10.7109278306,9.26281232742,54.9399378814,82.3752169332,73.166841874,48.340699239,44.516203869,10.7443138038,12.4281618552,59.4073553237,66.6931642919,78.6277662427,49.2595754939,43.2082679433,9.27369788091,14.12740769,76.2861416996,77.7304392027,71.4059845475,68.3841652968,34.3118596328,10.6915594413,10.3515965655,81.7745814772,82.9271870913,82.7397140527,61.2015326339,48.3372050627,75.7058875867,76.1092253967,81.5967428115,106.637545853,124.389294697,130.27519753,47.235643767,74.2771789905
22:15:00,5.74725930599,36.5394986492,23.671244688,19.4818206136,10.6869659937,11.420177562,48.1749429436,51.3847463763,41.0743246462,29.0484488702,14.6439764999,11.6991037476,60.1434153332,65.6461008311,50.2453441576,40.0735695552,46.1192440964,14.5952935133,11.8440262739,32.061743587,58.5672882346,52.62845975,72.1231391799,34.5245629575,10.6331301158,9.59050999418,48.2633607084,52.3487185824,73.8520487738,47.5917600921,32.5260735078,11.5105421246,11.3122001993,70.1730649017,65.5584730088,66.0267480044,43.6950060685,29.8599528876,13.4368383036,14.1932924035,74.6742261882,119.693577613,95.1296321952,54.6353439725,36.6345139403,31.7040160301,9.82138645531,98.9006397572,117.696050553,109.02845532,59.9562997123,24.6010680121,11.053672159,8.65166854373,8.94803147295,10.351079756,9.5184892546,9.13027469301,9.42116174082,8.50048126886,9.72174337544,34.2945973068,56.6165734618,64.0000072359,40.1866575831,36.4287057765,11.3098253701,8.56830657311,49.6058359243,80.8089538084,73.250844265,46.9014389629,41.5103702448,9.17978898629,12.261441764,54.6765655385,66.5879558381,72.9286701341,45.1235557823,40.3087326197,10.2283154056,13.3641111509,72.824628936,76.8409445539,69.172095316,63.0216889022,29.5314895956,10.9180833252,11.7546483956,75.8558036289,79.6736105538,80.3622753473,63.081600147,47.3851745043,75.0608340492,69.722848046,82.3770130873,104.097482853,126.860684069,130.617846277,47.6145277808,69.7715170435
22:30:00,5.51540766968,37.30082856,25.252723001,20.0725460391,11.3183819517,12.8900166342,42.7285227452,47.3117932936,40.4889955191,26.7872179448,13.4752308476,12.2402704089,56.8450405402,64.1088989984,47.0557529945,35.3897940902,42.5220964482,12.9994539078,10.4609411879,28.0151299045,57.9705248258,48.7183911082,69.324086929,30.2205412587,9.26939562993,9.63120956287,44.0644682214,51.6190961587,66.1050321211,47.1377050186,28.9071425923,11.435869134,11.1155906598,61.0394536853,61.1922149947,59.7729166581,42.8483130057,28.6435437672,13.4076718515,12.8833663881,70.2326640822,116.521646325,95.7741386995,45.323292412,36.0749188852,24.8941420028,9.85967873603,92.5933562486,110.173823726,101.517820253,56.6728056988,22.60514692,11.548637597,9.22879130973,9.06538086061,10.1966855652,9.91989682127,9.24192451688,9.28455952942,8.72940969556,9.84513417054,32.2073221388,57.5497934572,64.0000020857,42.2199653816,32.8088734001,11.9000677987,8.29648041819,44.5887672308,80.9883533984,71.3956118129,47.9947264208,37.2259981971,8.16478615388,11.3067232107,46.7961022097,63.0989702052,67.6737290248,38.6430916474,36.0116691492,10.51139431,13.674967431,67.8897687212,74.753770846,65.9982248641,56.3696680841,22.0637250947,10.9668072431,13.6434369112,70.366686413,75.9790101302,79.3365985722,65.8728407607,44.4831987543,69.6666881066,68.5294789,80.2796410488,104.526572209,127.647090191,127.916096163,49.4200721958,68.0820312663
22:45:00,6.00192158222,33.1745109034,23.9418866097,19.1415830286,12.7352296091,11.4694742044,35.7907099917,39.864073966,37.3949315265,25.1296465657,13.157735239,13.2631406061,49.116912027,56.973054826,41.8289174041,28.9834078262,35.2348933773,13.3520034033,10.1958196186,23.6750292271,56.6529953526,41.6462916013,63.5626633921,26.0997355831,8.65516903604,9.1673887348,36.8006265131,49.6159531445,55.884919534,44.1103734294,24.8855658659,11.0666787238,11.1353217665,48.7812748527,49.4611558439,46.8522671727,41.4786570825,26.461680196,12.9416031942,12.0196896934,63.4952795108,105.651158257,80.946427245,38.4035364885,34.0763490743,16.0696157944,10.5949272419,82.9202402682,95.305544613,86.8338367095,49.1895518729,20.2513168198,12.4637227669,9.39587404768,9.39066217046,9.79231724171,9.44989594248,9.9274439616,9.70045154659,8.98785435123,10.2196782274,28.4547124226,54.2768310269,63.9999999794,38.0968162952,26.9861278687,12.726635364,8.7831783082,40.0287806937,78.3997200239,61.3301124509,45.2158552529,29.0447636492,8.76263822382,9.4479336993,37.7037607475,54.6640911379,61.1241302137,32.1636249217,28.3982662234,9.93716674834,13.0298810246,58.5412918577,66.3780065824,58.4643577954,47.5966872479,16.5622296199,10.3683576118,15.2069729103,63.4113045481,76.427587961,77.488525619,66.0630056729,41.1361369816,59.5417548621,65.8527410042,75.3112117005,102.190747269,127.16060204,122.71343627,49.7668405564,65.4610305425
23:00:00,6.73019532651,26.9365565558,22.0058974155,16.388031076,16.0761902348,9.787156638,26.2892470427,30.994474972,32.7431280542,22.5747294582,13.7236278728,11.9100359543,35.605369049,42.4180835824,34.4797410033,22.7766747877,27.4917494814,15.2428058717,10.8625832066,20.0165633586,48.382081209,31.5750308216,50.3159402626,20.5303391093,8.61867095506,9.81641881441,27.1763874008,43.151893423,43.2653036194,35.7113473171,20.8097039292,10.5182257983,12.5640711033,33.5347481175,32.7745749982,33.2108293247,36.2168814183,22.1852597492,11.0056771559,12.2937808542,47.9516467426,87.2518405192,58.3925660196,31.6984094069,30.3528129459,10.930911654,12.2565724642,60.8594005925,65.272671695,59.9749332435,40.3623707046,16.7098668436,12.8463648238,9.66033097806,9.76395111011,9.23063491968,9.16619548905,10.4021209076,10.0366251979,9.36762779935,10.7691903752,22.4704899322,43.1533409511,63.9999996272,30.5643720773,18.9642807074,12.2343727159,9.7712838523,30.8883907442,56.552651209,43.9920904866,36.1706662578,21.8963461303,9.70710580559,9.95555431254,25.7451321432,39.5232619708,48.1936029503,26.7444141433,21.5263742357,9.29707625469,12.0488215638,40.0593917061,49.1151985742,47.1540289852,35.1319946304,13.5532164713,10.7197463624,16.347393369,50.3603599266,77.645525926,77.9707012349,62.3941645602,37.8824508463,49.3709632053,57.9572996044,70.9190279491,100.30279696,124.519128208,115.721163354,48.9292520154,59.9967612232
23:15:00,7.21978002103,21.0139545864,19.8281441004,13.2278236178,15.009485879,9.53272189206,19.5704562744,20.9277349583,24.694717435,19.3621682161,12.8895764697,10.7969968561,22.7229268081,26.6773908839,21.2652926013,18.7250433468,22.0569926031,17.5577183784,11.8835143553,14.6647956489,35.6191730838,19.3748951591,27.9356624491,15.6810738498,9.67778393589,8.86089363654,16.2950496755,31.8076145884,30.5499379159,20.9214618154,15.2567856513,9.77240781441,16.3238727212,17.8735434878,20.6194402119,23.0900985453,26.7365149676,17.7618196095,10.6837321726,12.3577790181,26.1007810246,60.1911037087,29.9657687214,24.2231713948,24.4656207897,9.03927224151,9.88420041045,29.5484654619,37.6455742257,36.2718649903,30.6679909178,14.6484524845,12.8165553891,9.73782822595,9.24399904627,9.01966424982,9.22671244683,10.0263553123,10.2599647957,9.98483390094,10.9781289886,14.7789515968,27.9813159557,63.9999997807,20.1761618914,12.7748877037,11.4148537767,9.43732404324,18.0725504265,28.15730443,23.6590653253,24.0332897284,16.6208978714,10.206673061,11.2041987344,13.8582858928,24.5882437625,27.5476160565,19.1174680066,14.6573111327,9.5082328665,11.2919966318,20.641677911,25.6108804681,29.7220577177,22.2114639727,12.4384397092,10.8812702023,14.5528894426,33.7619453446,73.4038299832,78.9587189289,59.4823757531,34.9883280453,44.7557323015,51.402337938,67.9279693004,97.6940156711,122.51937321,108.223701628,49.6480446127,54.8554085744
23:30:00,7.52983613122,13.9605809527,15.7802205151,12.3008319382,13.0509581227,10.8215146474,16.4021659774,15.8996426275,17.9245758934,16.5822055168,12.9249930046,10.7199918058,13.6713624079,17.1482151819,13.4831590002,17.2306123003,18.7114516228,16.6969862452,12.9557290549,11.2116627302,24.0614992477,12.7661093604,14.1416943355,14.6599835982,9.11304861727,7.95056940719,10.9071373266,18.8600273891,17.5119687236,15.2988574237,11.1846320427,9.7746706323,20.2086184649,11.3018347368,14.9335692426,16.3099116164,20.2773238483,14.7683774616,11.0482523681,12.2762616246,14.5384041187,30.8326773841,14.7341170091,17.5962638663,19.2704570035,8.09411690901,8.00425215951,12.4062619319,23.4492780689,23.1055205984,21.8583998273,13.3149955479,12.8015564365,10.0233699603,9.36165512544,9.20616104348,9.4569728236,9.35630531767,10.2641042567,10.2203209183,10.7925716918,10.9634144806,16.2560668649,63.9999999368,14.356970746,10.5209432303,10.7909070364,10.4152581691,8.70943129604,12.8185347455,12.6243753996,17.6365234418,14.2658788425,10.0556125408,11.6573720239,9.49102720577,15.7242736301,15.4644324538,14.5259669198,9.99964638942,10.8935941118,11.2219706839,12.3669767054,12.2801887622,19.5152053071,15.806979755,11.5132204517,10.2737331138,14.6168655481,17.4434337451,70.1824542385,76.6867697402,55.1553684618,32.9550545832,42.5555549059,48.8324400333,61.3248593622,96.5901038724,118.919785146,104.063148601,50.8054523577,51.2096354162
23:45:00,7.27996408047,8.30240243969,12.57743231,9.79128008622,13.6974767888,12.7034358009,12.4112918935,16.2905167655,11.7181447839,12.6007476059,14.3201365132,10.8809955851,8.20659933589,9.87301315994,9.90034179968,15.2453937513,15.1219702141,13.9454180374,14.0093145848,9.91950993715,14.1679418039,10.7191078539,6.78257540729,15.2129644489,8.84943776622,7.01341505928,7.17307499258,11.9708133966,8.82466651042,16.5587510107,9.03749281134,9.9256444834,35.3644547362,9.57670866193,12.4158994244,10.5099082292,16.606044243,13.2583117712,13.8042575212,13.398248077,11.6586757376,13.1580836865,9.83415509895,14.9897854459,12.6917644058,7.7163205255,7.37476796953,3.75468613394,14.4176606374,13.3130587355,14.3496029123,12.6605128704,11.5955191613,11.4363038982,9.15977040153,9.79755261238,9.22907773346,8.895418441,9.42274790588,9.4852693119,10.2023381317,9.04929245484,9.51027259139,64.000000031,12.1792598669,6.75566625229,10.055653432,10.4643974317,3.78210405518,5.82658835365,7.86322849131,13.7465857184,14.6369532712,10.6348506735,11.3701817711,10.3745895063,9.62010116594,9.12708295035,15.9781552777,6.44732721537,14.7596517857,11.717314912,10.0307584999,6.31649901881,12.4361176322,12.4674985125,10.196000398,10.5553986751,12.2269472179,7.70830738185,69.6536928312,71.4716068505,52.2761203902,30.3072603737,40.1184591701,48.0875140429,52.2405831413,97.8287306913,116.440065694,104.634198525,53.9876200342,50.5212874193
